Chemical Name,ChEBI,Human Metabolome Database,InChI Code,InChIKey,Score
"Xanthohumol","CHEBI:66331","HMDB0037479","InChI=1S/C21H22O5/c1-13(2)4-10-16-18(24)12-19(26-3)20(21(16)25)17(23)11-7-14-5-8-15(22)9-6-14/h4-9,11-12,22,24-25H,10H2,1-3H3/b11-7+","ORXQGKIUCDPEAJ-YRNVUSSQSA-N","1"
"(-)-Epicatechin","CHEBI:90","HMDB0001871","InChI=1S/C15H14O6/c16-8-4-11(18)9-6-13(20)15(21-14(9)5-8)7-1-2-10(17)12(19)3-7/h1-5,13,15-20H,6H2/t13-,15-/m1/s1","PFTAWBLQPZVEMU-UKRRQHHQSA-N","1"
"6-Geranylnaringenin","No result","No result","No result","undefined","0"
"6-Prenylnaringenin","CHEBI:27566","HMDB0037247","InChI=1S/C20H20O5/c1-11(2)3-8-14-15(22)9-18-19(20(14)24)16(23)10-17(25-18)12-4-6-13(21)7-5-12/h3-7,9,17,21-22,24H,8,10H2,1-2H3","YHWNASRGLKJRJJ-KRWDZBQOSA-N","1"
"8-Prenylnaringenin","CHEBI:50207","No result","InChI=1S/C20H20O5/c1-11(2)3-8-14-15(22)9-16(23)19-17(24)10-18(25-20(14)19)12-4-6-13(21)7-5-12/h3-7,9,18,21-23H,8,10H2,1-2H3/t18-/m0/s1","LPEPZZAVFJPLNZ-SFHVURJKSA-N","1"
"Quercetin 3-O-Rutinoside","No result","No result","No result","undefined","0"
"4-Vinylguaiacol","CHEBI:42438","HMDB0013744","InChI=1S/C9H10O2/c1-3-7-4-5-8(10)9(6-7)11-2/h3-6,10H,1H2,2H3","YOMSJEATGXXYPX-UHFFFAOYSA-N","1"
"Protocatechuic Acid","No result","No result","No result","undefined","0"
"Caffeic Acid","No result","No result","No result","undefined","0"
"P-Coumaric Acid","No result","No result","No result","undefined","0"
"Polyphenols, Total","No result","No result","No result","undefined","0"
"4-Ethylguaiacol","No result","HMDB0040175","InChI=1S/C9H12O2/c1-3-7-4-5-8(10)9(6-7)11-2/h4-6,10H,3H2,1-2H3","CHWNEIVBYREQRF-UHFFFAOYSA-N","1"
"3-Methylcatechol","CHEBI:18404","No result","InChI=1S/C7H8O2/c1-5-3-2-4-6(8)7(5)9/h2-4,8-9H,1H3","PGSWEKYNAOWQDF-UHFFFAOYSA-N","1"
"4-Ethylcatechol","No result","HMDB0040174","InChI=1S/C8H10O2/c1-2-6-3-4-7(9)8(10)5-6/h3-5,9-10H,2H2,1H3","HFLGBNBLMBSXEM-UHFFFAOYSA-N","1"
"4-Ethylphenol","No result","No result","No result","undefined","0"
"4-Vinylphenol","CHEBI:1883","HMDB0004072","InChI=1S/C8H8O/c1-2-7-3-5-8(9)6-4-7/h2-6,9H,1H2","FUGYGGDSWSUORM-UHFFFAOYSA-N","1"
"Matairesinol","CHEBI:65005","HMDB0035698","InChI=1S/C20H22O6/c1-24-18-9-12(3-5-16(18)21)7-14-11-26-20(23)15(14)8-13-4-6-17(22)19(10-13)25-2/h3-6,9-10,14-15,21-22H,7-8,11H2,1-2H3/t14-,15+/m0/s1","MATGKVZWFZHCLI-LSDHHAIUSA-N","1"
"Secoisolariciresinol","CHEBI:65004","HMDB0013692","InChI=1S/C20H26O6/c1-25-19-9-13(3-5-17(19)23)7-15(11-21)16(12-22)8-14-4-6-18(24)20(10-14)26-2/h3-6,9-10,15-16,21-24H,7-8,11-12H2,1-2H3/t15-,16-/m0/s1","PUETUDUXMCLALY-HOTGVXAUSA-N","1"
"(+)-Gallocatechin","No result","No result","No result","undefined","0"
"(-)-Epicatechin 3-O-Gallate","No result","No result","No result","undefined","0"
"(-)-Epigallocatechin","No result","HMDB0038361","InChI=1S/C15H14O7/c16-7-3-9(17)8-5-12(20)15(22-13(8)4-7)6-1-10(18)14(21)11(19)2-6/h1-4,12,15-21H,5H2/t12-,15-/m1/s1","XMOCLSLCDHWDHP-IUODEOHRSA-N","1"
"(-)-Epigallocatechin 3-O-Gallate","No result","No result","No result","undefined","0"
"Procyanidin Dimer B3","No result","No result","No result","undefined","0"
"Procyanidin Trimer C2","No result","No result","No result","undefined","0"
"Prodelphinidin Dimer B3","No result","No result","No result","undefined","0"
"Prodelphinidin Trimer C-Gc-C","No result","No result","No result","undefined","0"
"Prodelphinidin Trimer Gc-C-C","No result","No result","No result","undefined","0"
"Prodelphinidin Trimer Gc-Gc-C","No result","No result","No result","undefined","0"
"Naringenin","CHEBI:17846","HMDB0002670","InChI=1S/C15H12O5/c16-9-3-1-8(2-4-9)13-7-12(19)15-11(18)5-10(17)6-14(15)20-13/h1-6,13,16-18H,7H2/t13-/m0/s1","FTVWIRXFELQLPI-ZDUSSCGKSA-N","1"
"Naringin","No result","HMDB0002927","InChI=1S/C27H32O14/c1-10-20(32)22(34)24(36)26(37-10)41-25-23(35)21(33)18(9-28)40-27(25)38-13-6-14(30)19-15(31)8-16(39-17(19)7-13)11-2-4-12(29)5-3-11/h2-7,10,16,18,20-30,32-36H,8-9H2,1H3/t10-,16-,18+,20-,21+,22+,23-,24+,25+,26-,27+/m0/s1","DFPMSGMNTNDNHN-ZPHOTFPESA-N","1"
"3,7-Dimethylquercetin","No result","No result","No result","undefined","0"
"Myricetin","No result","HMDB0002755","InChI=1S/C15H10O8/c16-6-3-7(17)11-10(4-6)23-15(14(22)13(11)21)5-1-8(18)12(20)9(19)2-5/h1-4,16-20,22H","IKMDFBPHZNJCSN-UHFFFAOYSA-N","1"
"Quercetin 3-O-Arabinoside","No result","No result","No result","undefined","0"
"2,3-Dihydroxy-1-Guaiacylpropanone","No result","No result","No result","undefined","0"
"4-Hydroxycoumarin","CHEBI:40070","HMDB0137904","InChI=1S/C9H6O3/c10-7-5-9(11)12-8-4-2-1-3-6(7)8/h1-5,10H","PTNLHDGQWUGONS-OWOJBTEDSA-N","1"
"Esculetin","CHEBI:490095","HMDB0030819","InChI=1S/C9H6O4/c10-6-3-5-1-2-9(12)13-8(5)4-7(6)11/h1-4,10-11H","ILEDWLMCKZNDJK-UHFFFAOYSA-N","1"
"Esculin","CHEBI:4853","HMDB0030820","InChI=1S/C15H16O9/c16-5-10-12(19)13(20)14(21)15(24-10)23-9-3-6-1-2-11(18)22-8(6)4-7(9)17/h1-4,10,12-17,19-21H,5H2/t10-,12-,13+,14-,15-/m1/s1","XHCADAYNFIFUHF-TVKJYDDYSA-N","1"
"Scopoletin","CHEBI:17488","HMDB0034344","InChI=1S/C10H8O4/c1-13-9-4-6-2-3-10(12)14-8(6)5-7(9)11/h2-5,11H,1H3","RODXRVNMMDRFIK-UHFFFAOYSA-N","1"
"Umbelliferone","CHEBI:27510","HMDB0029865","InChI=1S/C9H6O3/c10-7-3-1-6-2-4-9(11)12-8(6)5-7/h1-5,10H","ORHBXUUXSCNDEV-UHFFFAOYSA-N","1"
"Tyrosol","CHEBI:1879","HMDB0004284","InChI=1S/C8H10O2/c9-6-5-7-1-3-8(10)4-2-7/h1-4,9-10H,5-6H2","YCCILVSKPBXVIP-UHFFFAOYSA-N","1"
"2-Hydroxybenzoic Acid","No result","No result","No result","undefined","0"
"Gallic Acid 3-O-Gallate","No result","No result","No result","undefined","0"
"Gentisic Acid","No result","No result","No result","undefined","0"
"5-Caffeoylquinic Acid","No result","No result","No result","undefined","0"
"M-Coumaric Acid","No result","No result","No result","undefined","0"
"O-Coumaric Acid","No result","No result","No result","undefined","0"
"Pinosylvin","CHEBI:17323","No result","InChI=1S/C14H12O2/c15-13-8-12(9-14(16)10-13)7-6-11-4-2-1-3-5-11/h1-10,15-16H/b7-6+","YCVPRTHEGLPYPB-VOTSOKGWSA-N","1"
"Quercetin 3-O-Glucoside","No result","No result","No result","undefined","0"
"Quercetin 3-O-Rhamnoside","No result","No result","No result","undefined","0"
"Resveratrol 3-O-Glucoside","No result","No result","No result","undefined","0"
"Procyanidin Dimer B1","No result","No result","No result","undefined","0"
"Procyanidin Dimer B2","No result","No result","No result","undefined","0"
"Procyanidin Dimer B4","No result","No result","No result","undefined","0"
"Ferulaldehyde","CHEBI:16547","HMDB0141782","InChI=1S/C10H10O3/c1-13-10-7-8(3-2-6-11)4-5-9(10)12/h2-7,12H,1H3/b3-2+","DKZBBWMURDFHNE-NSCUHMNNSA-N","1"
"Sinapaldehyde","CHEBI:67380","No result","InChI=1S/C9H10O4/c1-12-7-3-6(5-10)4-8(13-2)9(7)11/h3-5,11H,1-2H3","CDICDSOGTRCHMG-ONEGZZNKSA-N","1"
"Caffeoyl Tartaric Acid","No result","No result","No result","undefined","0"
"Feruloyl Tartaric Acid","No result","No result","No result","undefined","0"
"P-Coumaroyl Tartaric Acid","No result","No result","No result","undefined","0"
"Cyanidin 3-O-(6''-Acetyl-Glucoside)","No result","No result","No result","undefined","0"
"Cyanidin 3-O-Glucoside","No result","No result","No result","undefined","0"
"Delphinidin 3-O-(6''-Acetyl-Glucoside)","No result","No result","No result","undefined","0"
"Delphinidin 3-O-(6''-P-Coumaroyl-Glucoside)","No result","No result","No result","undefined","0"
"Delphinidin 3-O-Glucoside","No result","No result","No result","undefined","0"
"Malvidin 3-O-(6''-Acetyl-Glucoside)","No result","No result","No result","undefined","0"
"Malvidin 3-O-(6''-Caffeoyl-Glucoside)","No result","No result","No result","undefined","0"
"Malvidin 3-O-(6''-P-Coumaroyl-Glucoside)","No result","No result","No result","undefined","0"
"Malvidin 3-O-Glucoside","No result","No result","No result","undefined","0"
"Peonidin 3-O-(6''-Acetyl-Glucoside)","No result","No result","No result","undefined","0"
"Peonidin 3-O-(6''-P-Coumaroyl-Glucoside)","No result","No result","No result","undefined","0"
"Peonidin 3-O-Glucoside","No result","No result","No result","undefined","0"
"Petunidin 3-O-(6''-Acetyl-Glucoside)","No result","No result","No result","undefined","0"
"Petunidin 3-O-(6''-P-Coumaroyl-Glucoside)","No result","No result","No result","undefined","0"
"Petunidin 3-O-Glucoside","No result","No result","No result","undefined","0"
"Pigment A","No result","No result","No result","undefined","0"
"Pinotin A","No result","No result","No result","undefined","0"
"Vitisin A","No result","No result","No result","undefined","0"
"Dihydromyricetin 3-O-Rhamnoside","No result","No result","No result","undefined","0"
"Dihydroquercetin 3-O-Rhamnoside","No result","No result","No result","undefined","0"
"Procyanidin Dimer B5","No result","No result","No result","undefined","0"
"Procyanidin Dimer B7","No result","No result","No result","undefined","0"
"Procyanidin Trimer C1","No result","No result","No result","undefined","0"
"Procyanidin Trimer Eec","No result","No result","No result","undefined","0"
"Procyanidin Trimer T2","No result","No result","No result","undefined","0"
"Isorhamnetin 3-O-Glucoside","No result","No result","No result","undefined","0"
"Kaempferol 3-O-Glucoside","No result","No result","No result","undefined","0"
"Rhamnetin","CHEBI:74992","HMDB0133823","InChI=1S/C16H12O7/c1-22-8-5-11(19)13-12(6-8)23-16(15(21)14(13)20)7-2-3-9(17)10(18)4-7/h2-6,17-19,21H,1H3","JGUZGNYPMHHYRK-UHFFFAOYSA-N","1"
"Protocatechuic Aldehyde","No result","No result","No result","undefined","0"
"Syringaldehyde","No result","No result","No result","undefined","0"
"2,3-Dihydroxybenzoic Acid","No result","No result","No result","undefined","0"
"Gallic Acid Ethyl Ester","No result","No result","No result","undefined","0"
"2,5-Di-S-Glutathionyl Caftaric Acid","No result","No result","No result","undefined","0"
"D-Viniferin","No result","No result","No result","undefined","0"
"E-Viniferin","No result","No result","No result","undefined","0"
"Pallidol","CHEBI:76173","No result","InChI=1S/C28H22O6/c29-15-5-1-13(2-6-15)23-25-19(9-17(31)11-21(25)33)28-24(14-3-7-16(30)8-4-14)26-20(27(23)28)10-18(32)12-22(26)34/h1-12,23-24,27-34H/t23-,24-,27+,28+/m1/s1","YNVJOQCPHWKWSO-ZBVBGGFBSA-N","0"
"Piceatannol","CHEBI:28814","HMDB0004215","InChI=1S/C14H12O4/c15-11-5-10(6-12(16)8-11)2-1-9-3-4-13(17)14(18)7-9/h1-8,15-18H/b2-1+","CDRPUGZCRXZLFL-OWOJBTEDSA-N","1"
"Piceatannol 3-O-Glucoside","No result","No result","No result","undefined","0"
"Pterostilbene","CHEBI:8630","HMDB0130987","InChI=1S/C16H16O3/c1-18-15-9-13(10-16(11-15)19-2)4-3-12-5-7-14(17)8-6-12/h3-11,17H,1-2H3/b4-3+","VLEUZFDZJKSGMX-ONEGZZNKSA-N","1"
"Eriodictyol","No result","HMDB0005810","InChI=1S/C15H12O6/c16-8-4-11(19)15-12(20)6-13(21-14(15)5-8)7-1-2-9(17)10(18)3-7/h1-5,13,16-19H,6H2/t13-/m0/s1","SBHXYTNGIZCORC-ZDUSSCGKSA-N","1"
"Tangeretin","CHEBI:9400","HMDB0030539","InChI=1S/C20H20O7/c1-22-12-8-6-11(7-9-12)14-10-13(21)15-16(23-2)18(24-3)20(26-5)19(25-4)17(15)27-14/h6-10H,1-5H3","ULSUXBXHSYSGDT-UHFFFAOYSA-N","1"
"Galangin","No result","HMDB0029521","InChI=1S/C15H10O5/c16-9-6-10(17)12-11(7-9)20-15(14(19)13(12)18)8-4-2-1-3-5-8/h1-7,16-17,19H","VCCRNZQBSJXYJD-UHFFFAOYSA-N","1"
"Arctigenin","CHEBI:79","HMDB0030087","InChI=1S/C21H24O6/c1-24-18-7-5-13(11-20(18)26-3)8-15-12-27-21(23)16(15)9-14-4-6-17(22)19(10-14)25-2/h4-7,10-11,15-16,22H,8-9,12H2,1-3H3/t15-,16+/m0/s1","NQWVSMVXKMHKTF-JKSUJKDBSA-N","1"
"Isolariciresinol","CHEBI:69542","No result","InChI=1S/C20H24O6/c1-25-18-6-11(3-4-16(18)23)20-14-8-17(24)19(26-2)7-12(14)5-13(9-21)15(20)10-22/h3-4,6-8,13,15,20-24H,5,9-10H2,1-2H3/t13-,15-,20-/m0/s1","OGFXBIXJCWAUCH-KPHUOKFYSA-N","0"
"Lariciresinol","CHEBI:67246","No result","InChI=1S/C20H24O6/c1-24-18-8-12(3-5-16(18)22)7-14-11-26-20(15(14)10-21)13-4-6-17(23)19(9-13)25-2/h3-6,8-9,14-15,20-23H,7,10-11H2,1-2H3/t14-,15-,20+/m0/s1","MHXCIKYXNYCMHY-AUSJPIAWSA-N","1"
"Pinoresinol","No result","No result","No result","undefined","0"
"Syringaresinol","No result","No result","No result","undefined","0"
"Trachelogenin","CHEBI:9647","No result","InChI=1S/C21H24O7/c1-25-17-7-5-13(9-19(17)27-3)8-15-12-28-20(23)21(15,24)11-14-4-6-16(22)18(10-14)26-2/h4-7,9-10,15,22,24H,8,11-12H2,1-3H3/t15-,21-/m0/s1","YFVZKLQNMNKWSB-BTYIYWSLSA-N","1"
"02 Mers","No result","No result","No result","undefined","0"
"03 Mers","No result","No result","No result","undefined","0"
"04-06 Mers","No result","No result","No result","undefined","0"
"07-10 Mers","No result","No result","No result","undefined","0"
"Polymers (>10 Mers)","No result","No result","No result","undefined","0"
"Ellagic Acid","No result","No result","No result","undefined","0"
"3-Caffeoylquinic Acid","No result","No result","No result","undefined","0"
"Cinnamic Acid","No result","No result","No result","undefined","0"
"5-Heneicosylresorcinol","No result","HMDB0031035","InChI=1S/C27H48O2/c1-2-3-4-5-6-7-8-9-10-11-12-13-14-15-16-17-18-19-20-21-25-22-26(28)24-27(29)23-25/h22-24,28-29H,2-21H2,1H3","BLHLKJLSYHEOGY-UHFFFAOYSA-N","1"
"5-Heptadecylresorcinol","No result","HMDB0038530","InChI=1S/C23H40O2/c1-2-3-4-5-6-7-8-9-10-11-12-13-14-15-16-17-21-18-22(24)20-23(25)19-21/h18-20,24-25H,2-17H2,1H3","BBGNINPPDHJETF-UHFFFAOYSA-N","1"
"5-Nonadecylresorcinol","No result","HMDB0030956","InChI=1S/C25H44O2/c1-2-3-4-5-6-7-8-9-10-11-12-13-14-15-16-17-18-19-23-20-24(26)22-25(27)21-23/h20-22,26-27H,2-19H2,1H3","PUNOCEUUYUXUGR-UHFFFAOYSA-N","1"
"5-Pentacosylresorcinol","No result","HMDB0038485","InChI=1S/C31H56O2/c1-2-3-4-5-6-7-8-9-10-11-12-13-14-15-16-17-18-19-20-21-22-23-24-25-29-26-30(32)28-31(33)27-29/h26-28,32-33H,2-25H2,1H3","GDJMJAKVVSGNLA-UHFFFAOYSA-N","1"
"5-Tricosylresorcinol","No result","HMDB0038524","InChI=1S/C29H52O2/c1-2-3-4-5-6-7-8-9-10-11-12-13-14-15-16-17-18-19-20-21-22-23-27-24-28(30)26-29(31)25-27/h24-26,30-31H,2-23H2,1H3","OHTBGMREZYLZQD-UHFFFAOYSA-N","1"
"5-Nonadecenylresorcinol","No result","No result","No result","undefined","0"
"5-Heneicosenylresorcinol","No result","No result","No result","undefined","0"
"5-Pentacosenylresorcinol","No result","No result","No result","undefined","0"
"5-Tricosenylresorcinol","No result","No result","No result","undefined","0"
"5-Pentadecylresorcinol","CHEBI:2120","HMDB0031009","InChI=1S/C21H36O2/c1-2-3-4-5-6-7-8-9-10-11-12-13-14-15-19-16-20(22)18-21(23)17-19/h16-18,22-23H,2-15H2,1H3","KVVSCMOUFCNCGX-UHFFFAOYSA-N","1"
"Medioresinol","No result","No result","InChI=1S/C21H24O7/c1-24-16-6-11(4-5-15(16)22)20-13-9-28-21(14(13)10-27-20)12-7-17(25-2)19(23)18(8-12)26-3/h4-8,13-14,20-23H,9-10H2,1-3H3/t13-,14-,20+,21?/m0/s1","VJOBNGRIBLNUKN-ITZZLVQVSA-N","0"
"Apigenin 6-C-Glucoside","No result","No result","No result","undefined","0"
"5-5'-Dehydrodiferulic Acid","No result","No result","No result","undefined","0"
"5-8'-Benzofuran Dehydrodiferulic Acid","No result","No result","No result","undefined","0"
"5-8'-Dehydrodiferulic Acid","No result","No result","No result","undefined","0"
"8-O-4'-Dehydrodiferulic Acid","No result","No result","No result","undefined","0"
"Apigenin 6,8-C-Arabinoside-C-Glucoside","No result","No result","No result","undefined","0"
"Apigenin 6,8-C-Galactoside-C-Arabinoside","No result","No result","No result","undefined","0"
"Avenanthramide 2f","No result","No result","No result","undefined","0"
"Avenanthramide 2c","No result","No result","No result","undefined","0"
"Avenanthramide 2p","No result","No result","No result","undefined","0"
"Avenanthramide K","No result","No result","No result","undefined","0"
"(-)-Epicatechin-(2a-7)(4a-8)-Epicatechin 3-O-Galactoside","No result","No result","No result","undefined","0"
"Cinnamtannin A2","No result","No result","No result","undefined","0"
"Mellein","CHEBI:38760","No result","InChI=1S/C10H10O3/c1-6-5-7-3-2-4-8(11)9(7)10(12)13-6/h2-4,6,11H,5H2,1H3","KWILGNNWGSNMPA-UHFFFAOYSA-N","0"
"Phenol","CHEBI:15882","HMDB0000228","InChI=1S/C6H6O/c7-6-4-2-1-3-5-6/h1-5,7H","ISWSIDIOOBJBQZ-UHFFFAOYSA-N","1"
"Benzoic Acid","No result","No result","No result","undefined","0"
"Caffeoyl Aspartic Acid","No result","No result","No result","undefined","0"
"P-Coumaroyl Tyrosine","No result","No result","No result","undefined","0"
"2-S-Glutathionyl Caftaric Acid","No result","No result","No result","undefined","0"
"3-P-Coumaroylquinic Acid","No result","No result","No result","undefined","0"
"Cyanidin 3-O-(6''-Dioxalyl-Glucoside)","No result","No result","No result","undefined","0"
"Cyanidin 3-O-(6''-Malonyl-Glucoside)","No result","No result","No result","undefined","0"
"Cyanidin 3-O-(6''-P-Coumaroyl-Glucoside)","No result","No result","No result","undefined","0"
"Cyanidin 3-O-Arabinoside","No result","No result","No result","undefined","0"
"Cyanidin 3-O-Galactoside","No result","No result","No result","undefined","0"
"Cyanidin 3-O-Rutinoside","No result","No result","No result","undefined","0"
"Cyanidin 3-O-Xyloside","No result","No result","No result","undefined","0"
"Delphinidin 3-O-Arabinoside","No result","No result","No result","undefined","0"
"Delphinidin 3-O-Galactoside","No result","No result","No result","undefined","0"
"Malvidin 3-O-Arabinoside","No result","No result","No result","undefined","0"
"Malvidin 3-O-Galactoside","No result","No result","No result","undefined","0"
"Peonidin 3-O-Arabinoside","No result","No result","No result","undefined","0"
"Peonidin 3-O-Galactoside","No result","No result","No result","undefined","0"
"Petunidin 3-O-Arabinoside","No result","No result","No result","undefined","0"
"Petunidin 3-O-Galactoside","No result","No result","No result","undefined","0"
"Myricetin 3-O-Rhamnoside","No result","No result","No result","undefined","0"
"Quercetin 3-O-Acetyl-Rhamnoside","No result","No result","No result","undefined","0"
"Quercetin 3-O-Galactoside","No result","No result","No result","undefined","0"
"Quercetin 3-O-Glucosyl-Xyloside","No result","No result","No result","undefined","0"
"Quercetin 3-O-Xyloside","No result","No result","No result","undefined","0"
"Quercetin 3-O-Xylosyl-Glucuronide","No result","No result","No result","undefined","0"
"Morin","CHEBI:75092","HMDB0030796","InChI=1S/C15H10O7/c16-6-1-2-8(9(18)3-6)15-14(21)13(20)12-10(19)4-7(17)5-11(12)22-15/h1-5,16-19,21H","YXOLAZRVSSWPPT-UHFFFAOYSA-N","1"
"7-Hydroxymatairesinol","No result","No result","No result","undefined","0"
"7-Hydroxysecoisolariciresinol","No result","No result","No result","undefined","0"
"7-Oxomatairesinol","No result","No result","No result","undefined","0"
"Conidendrin","No result","No result","No result","undefined","0"
"Cyclolariciresinol","No result","No result","No result","undefined","0"
"Dimethylmatairesinol","No result","No result","No result","undefined","0"
"Lariciresinol-Sesquilignan","No result","No result","No result","undefined","0"
"Nortrachelogenin","No result","No result","No result","undefined","0"
"Secoisolariciresinol-Sesquilignan","No result","No result","No result","undefined","0"
"Sesamin","CHEBI:66470","No result","InChI=1S/C20H18O6/c1-3-15-17(25-9-23-15)5-11(1)19-13-7-22-20(14(13)8-21-19)12-2-4-16-18(6-12)26-10-24-16/h1-6,13-14,19-20H,7-10H2/t13-,14-,19+,20+/m0/s1","PEYUIKBAABKQKQ-AFHBHXEDSA-N","1"
"Anthocyanins, Total","No result","No result","No result","undefined","0"
"Cyanidin 3,5-O-Diglucoside","No result","No result","No result","undefined","0"
"Cyanidin 3-O-(6''-Caffeoyl-Glucoside)","No result","No result","No result","undefined","0"
"Cyanidin 3-O-Glucosyl-Rutinoside","No result","No result","No result","undefined","0"
"Cyanidin 3-O-Sambubioside","No result","No result","No result","undefined","0"
"Cyanidin 3-O-Sambubioside 5-O-Glucoside","No result","No result","No result","undefined","0"
"Cyanidin 3-O-Sophoroside","No result","No result","No result","undefined","0"
"Cyanidin 3-O-Xylosyl-Rutinoside","No result","No result","No result","undefined","0"
"Delphinidin 3-O-Rutinoside","No result","No result","No result","undefined","0"
"Delphinidin 3-O-Sambubioside","No result","No result","No result","undefined","0"
"Delphinidin 3-O-Xyloside","No result","No result","No result","undefined","0"
"Pelargonidin 3-O-Arabinoside","No result","No result","No result","undefined","0"
"Pelargonidin 3-O-Galactoside","No result","No result","No result","undefined","0"
"Pelargonidin 3-O-Glucoside","No result","No result","No result","undefined","0"
"Pelargonidin 3-O-Rutinoside","No result","No result","No result","undefined","0"
"Pelargonidin 3-O-Sambubioside","No result","No result","No result","undefined","0"
"Peonidin 3-O-Rutinoside","No result","No result","No result","undefined","0"
"Petunidin 3-O-Rutinoside","No result","No result","No result","undefined","0"
"Myricetin 3-O-Arabinoside","No result","No result","No result","undefined","0"
"4-Hydroxybenzoic Acid 4-O-Glucoside","No result","No result","No result","undefined","0"
"5-O-Galloylquinic Acid","No result","No result","No result","undefined","0"
"Gallic Acid 4-O-Glucoside","No result","No result","No result","undefined","0"
"Galloyl Glucose","No result","No result","No result","undefined","0"
"Protocatechuic Acid 4-O-Glucoside","No result","No result","No result","undefined","0"
"4-P-Coumaroylquinic Acid","No result","No result","No result","undefined","0"
"5-P-Coumaroylquinic Acid","No result","No result","No result","undefined","0"
"Caffeic Acid 4-O-Glucoside","No result","No result","No result","undefined","0"
"Caffeoyl Glucose","No result","No result","No result","undefined","0"
"Ferulic Acid 4-O-Glucoside","No result","No result","No result","undefined","0"
"Feruloyl Glucose","No result","No result","No result","undefined","0"
"P-Coumaric Acid 4-O-Glucoside","No result","No result","No result","undefined","0"
"P-Coumaroyl Glucose","No result","No result","No result","undefined","0"
"Myricetin 3-O-Glucoside","No result","No result","No result","undefined","0"
"Myricetin 3-O-Rutinoside","No result","No result","No result","undefined","0"
"Kaempferol 3-O-Galactoside","No result","No result","No result","undefined","0"
"Quercetin 3-O-Glucuronide","No result","No result","No result","undefined","0"
"Cyanidin 3-O-(6''-Acetyl-Galactoside)","No result","No result","No result","undefined","0"
"Delphinidin 3-O-(6''-Acetyl-Galactoside)","No result","No result","No result","undefined","0"
"Malvidin 3-O-(6''-Acetyl-Galactoside)","No result","No result","No result","undefined","0"
"Peonidin 3-O-(6''-Acetyl-Galactoside)","No result","No result","No result","undefined","0"
"Petunidin 3-O-(6''-Acetyl-Galactoside)","No result","No result","No result","undefined","0"
"Cyanidin","CHEBI:27843","HMDB0002708","InChI=1S/C15H10O6.ClH/c16-8-4-11(18)9-6-13(20)15(21-14(9)5-8)7-1-2-10(17)12(19)3-7;/h1-6H,(H4-,16,17,18,19,20);1H","VEVZSMAEJFVWIL-UHFFFAOYSA-O","1"
"Pelargonidin 3-O-(6''-Malonyl-Glucoside)","No result","No result","No result","undefined","0"
"Pelargonidin 3-O-(6''-Succinyl-Glucoside)","No result","No result","No result","undefined","0"
"Pelargonidin 3-O-Glucosyl-Rutinoside","No result","No result","No result","undefined","0"
"Pelargonidin 3-O-Sophoroside","No result","No result","No result","undefined","0"
"Isorhamnetin 3-O-Glucuronide","No result","No result","No result","undefined","0"
"Ellagic Acid Acetyl-Arabinoside","No result","No result","No result","undefined","0"
"Ellagic Acid Acetyl-Xyloside","No result","No result","No result","undefined","0"
"Ellagic Acid Arabinoside","No result","No result","No result","undefined","0"
"Lambertianin C","No result","No result","No result","undefined","0"
"Sanguiin H-6","No result","No result","No result","undefined","0"
"Cyanidin 3-O-(6''-Succinyl-Glucoside)","No result","No result","No result","undefined","0"
"Pelargonidin","CHEBI:28510","HMDB0003263","InChI=1S/C15H10O5.ClH/c16-9-3-1-8(2-4-9)15-13(19)7-11-12(18)5-10(17)6-14(11)20-15;/h1-7H,(H3-,16,17,18,19);1H","XVFMGWDSJLBXDZ-UHFFFAOYSA-O","1"
"Ellagic Acid Glucoside","No result","No result","No result","undefined","0"
"Kaempferol 3-O-Rutinoside","No result","No result","No result","undefined","0"
"3-Sinapoylquinic Acid","No result","No result","No result","undefined","0"
"4-Sinapoylquinic Acid","No result","No result","No result","undefined","0"
"5-Sinapoylquinic Acid","No result","No result","No result","undefined","0"
"Malvidin 3,5-O-Diglucoside","No result","No result","No result","undefined","0"
"Peonidin","CHEBI:75033","HMDB0005797","InChI=1S/C16H12O6.ClH/c1-21-15-4-8(2-3-11(15)18)16-13(20)7-10-12(19)5-9(17)6-14(10)22-16;/h2-7H,1H3,(H3-,17,18,19,20);1H","OGBSHLKSHNAPEW-UHFFFAOYSA-N","1"
"3-Hydroxyphloretin 2'-O-Glucoside","No result","No result","No result","undefined","0"
"3-Hydroxyphloretin 2'-O-Xylosyl-Glucoside","No result","No result","No result","undefined","0"
"Phloretin 2'-O-Xylosyl-Glucoside","No result","No result","No result","undefined","0"
"Phloridzin","No result","HMDB0036634","InChI=1S/C21H24O10/c22-9-16-18(27)19(28)20(29)21(31-16)30-15-8-12(24)7-14(26)17(15)13(25)6-3-10-1-4-11(23)5-2-10/h1-2,4-5,7-8,16,18-24,26-29H,3,6,9H2/t16-,18-,19+,20-,21-/m1/s1","IOUVKUPGCMBWBT-QNDFHXLGSA-N","1"
"P-Coumaroylquinic Acid","No result","No result","No result","undefined","0"
"Arbutin","No result","HMDB0029943","InChI=1S/C12H16O7/c13-5-8-9(15)10(16)11(17)12(19-8)18-7-3-1-6(14)2-4-7/h1-4,8-17H,5H2/t8-,9-,10+,11-,12-/m1/s1","BJRNKVDFDLYUGJ-RMPHRYRLSA-N","1"
"(+)-Catechin 3-O-Gallate","No result","No result","No result","undefined","0"
"(+)-Gallocatechin 3-O-Gallate","No result","No result","No result","undefined","0"
"3,4-Dicaffeoylquinic Acid","No result","No result","No result","undefined","0"
"Quercetin 3-O-Sophoroside","No result","No result","No result","undefined","0"
"Isorhamnetin 3-O-Glucoside 7-O-Rhamnoside","No result","No result","No result","undefined","0"
"Isorhamnetin 3-O-Rutinoside","No result","No result","No result","undefined","0"
"Isorhamnetin 7-O-Rhamnoside","No result","No result","No result","undefined","0"
"Didymin","No result","HMDB0029482","InChI=1S/C28H34O14/c1-11-21(31)23(33)25(35)27(39-11)38-10-19-22(32)24(34)26(36)28(42-19)40-14-7-15(29)20-16(30)9-17(41-18(20)8-14)12-3-5-13(37-2)6-4-12/h3-8,11,17,19,21-29,31-36H,9-10H2,1-2H3","RMCRQBAILCLJGU-UHFFFAOYSA-N","1"
"Hesperidin","No result","HMDB0003265","InChI=1S/C28H34O15/c1-10-21(32)23(34)25(36)27(40-10)39-9-19-22(33)24(35)26(37)28(43-19)41-12-6-14(30)20-15(31)8-17(42-18(20)7-12)11-3-4-16(38-2)13(29)5-11/h3-7,10,17,19,21-30,32-37H,8-9H2,1-2H3/t10-,17-,19+,21-,22+,23+,24-,25+,26+,27+,28+/m0/s1","QUQPHWDTPGMPEX-QJBIFVCTSA-N","1"
"Narirutin","No result","HMDB0033740","InChI=1S/C27H32O14/c1-10-20(31)22(33)24(35)26(38-10)37-9-18-21(32)23(34)25(36)27(41-18)39-13-6-14(29)19-15(30)8-16(40-17(19)7-13)11-2-4-12(28)5-3-11/h2-7,10,16,18,20-29,31-36H,8-9H2,1H3","HXTFHSYLYXVTHC-AJHDJQPGSA-N","1"
"Neohesperidin","No result","No result","No result","undefined","0"
"Poncirin","No result","No result","No result","undefined","0"
"Nobiletin","CHEBI:7602","HMDB0029540","InChI=1S/C21H22O8/c1-23-13-8-7-11(9-15(13)24-2)14-10-12(22)16-17(25-3)19(26-4)21(28-6)20(27-5)18(16)29-14/h7-10H,1-6H3","DFPMSGMNTNDNHN-ZPHOTFPESA-N","1"
"Sinensetin","CHEBI:9159","HMDB0036633","InChI=1S/C20H20O7/c1-22-13-7-6-11(8-15(13)23-2)14-9-12(21)18-16(27-14)10-17(24-3)19(25-4)20(18)26-5/h6-10H,1-5H3","LKMNXYDUQXAUCZ-UHFFFAOYSA-N","1"
"3-Methoxysinensetin","No result","No result","No result","undefined","0"
"Kaempferide","CHEBI:6099","HMDB0037441","InChI=1S/C16H12O6/c1-21-10-4-2-8(3-5-10)16-15(20)14(19)13-11(18)6-9(17)7-12(13)22-16/h2-7,17-18,20H,1H3","SQFSKOYWJBQGKQ-UHFFFAOYSA-N","1"
"Eriocitrin","No result","HMDB0005811","InChI=1S/C27H32O15/c1-9-20(32)22(34)24(36)26(39-9)38-8-18-21(33)23(35)25(37)27(42-18)40-11-5-14(30)19-15(31)7-16(41-17(19)6-11)10-2-3-12(28)13(29)4-10/h2-6,9,16,18,20-30,32-37H,7-8H2,1H3/t9-,16+,18+,20-,21+,22+,23+,24+,25-,26-,27+/m0/s1","OMQADRGFMLGFJF-MNPJBKLOSA-N","1"
"Neoeriocitrin","CHEBI:7502","No result","InChI=1S/C27H32O15/c1-9-20(33)22(35)24(37)26(38-9)42-25-23(36)21(34)18(8-28)41-27(25)39-11-5-14(31)19-15(32)7-16(40-17(19)6-11)10-2-3-12(29)13(30)4-10/h2-6,9,16,18,20-31,33-37H,7-8H2,1H3/t9-,16-,18+,20-,21+,22+,23-,24+,25+,26-,27+/m0/s1","OBKKEZLIABHSGY-DOYQYKRZSA-N","1"
"Bergapten","CHEBI:18293","HMDB0030637","InChI=1S/C12H8O4/c1-14-12-7-2-3-11(13)16-10(7)6-9-8(12)4-5-15-9/h2-6H,1H3","BGEBZHIAGXMEMV-UHFFFAOYSA-N","1"
"Phlorin","No result","HMDB0035589","InChI=1S/C12H16O8/c13-4-8-9(16)10(17)11(18)12(20-8)19-7-2-5(14)1-6(15)3-7/h1-3,8-18H,4H2","WXTPOHDTGNYFSB-UHFFFAOYSA-N","1"
"Naringin 4'-O-Glucoside","No result","No result","No result","undefined","0"
"Naringin 6'-Malonate","No result","No result","No result","undefined","0"
"Narirutin 4'-O-Glucoside","No result","No result","No result","undefined","0"
"Neodiosmin","No result","No result","No result","undefined","0"
"Rhoifolin","CHEBI:31227","HMDB0038848","InChI=1S/C27H30O14/c1-10-20(32)22(34)24(36)26(37-10)41-25-23(35)21(33)18(9-28)40-27(25)38-13-6-14(30)19-15(31)8-16(39-17(19)7-13)11-2-4-12(29)5-3-11/h2-8,10,18,20-30,32-36H,9H2,1H3/t10-,18+,20-,21+,22+,23-,24+,25+,26-,27+/m0/s1","RPMNUQRUHXIGHK-PYXJVEIZSA-N","1"
"Rhoifolin 4'-O-Glucoside","No result","No result","No result","undefined","0"
"Diosmin","CHEBI:4631","HMDB0029548","InChI=1S/C28H32O15/c1-10-21(32)23(34)25(36)27(40-10)39-9-19-22(33)24(35)26(37)28(43-19)41-12-6-14(30)20-15(31)8-17(42-18(20)7-12)11-3-4-16(38-2)13(29)5-11/h3-8,10,19,21-30,32-37H,9H2,1-2H3/t10-,19+,21-,22+,23+,24-,25+,26+,27+,28+/m0/s1","GZSOSUNBTXMUFQ-YFAPSIMESA-N","1"
"Luteolin 7-O-Rutinoside","No result","No result","No result","undefined","0"
"Apigenin 6,8-Di-C-Glucoside","No result","No result","No result","undefined","0"
"Tetramethylscutellarein","CHEBI:34357","HMDB0030575","InChI=1S/C19H18O6/c1-21-12-7-5-11(6-8-12)14-9-13(20)17-15(25-14)10-16(22-2)18(23-3)19(17)24-4/h5-10H,1-4H3","URSUMOWUGDXZHU-UHFFFAOYSA-N","1"
"3-Methoxynobiletin","No result","HMDB0037689","InChI=1S/C22H24O9/c1-24-12-9-8-11(10-13(12)25-2)16-19(27-4)15(23)14-17(26-3)20(28-5)22(30-7)21(29-6)18(14)31-16/h8-10H,1-7H3","SSXJHQZOHUYEGD-UHFFFAOYSA-N","1"
"Chrysin","CHEBI:75095","HMDB0036619","InChI=1S/C15H10O4/c16-10-6-11(17)15-12(18)8-13(19-14(15)7-10)9-4-2-1-3-5-9/h1-8,16-17H","RTIXKCRFFJGDFG-UHFFFAOYSA-N","1"
"Cinnamoyl Glucose","No result","No result","No result","undefined","0"
"Kaempferol 3-O-Rhamnoside","No result","No result","No result","undefined","0"
"Delphinidin 3,5-O-Diglucoside","No result","No result","No result","undefined","0"
"Punicalagin","No result","HMDB0005795","InChI=1S/C48H28O30/c49-10-1-6-17(31(59)27(10)55)19-23-21-22-24(47(70)76-38(21)35(63)33(19)61)20(34(62)36(64)39(22)75-46(23)69)18-9(4-13(52)28(56)32(18)60)43(66)74-37-14(5-72-42(6)65)73-48(71)41-40(37)77-44(67)7-2-11(50)25(53)29(57)15(7)16-8(45(68)78-41)3-12(51)26(54)30(16)58/h1-4,14,37,40-41,48-64,71H,5H2/t14-,37-,40+,41-,48-/m1/s1","BFMMRDUWGRKGNX-UHFFFAOYSA-N","1"
"Pelargonidin 3,5-O-Diglucoside","No result","No result","No result","undefined","0"
"P-Anisaldehyde","No result","No result","No result","undefined","0"
"Anethole","CHEBI:2716","HMDB0030837","InChI=1S/C10H12O/c1-3-4-9-5-7-10(11-2)8-6-9/h3-8H,1-2H3/b4-3+","RUVINXPYWBROJD-ONEGZZNKSA-N","1"
"Theaflavin 3'-O-Gallate","No result","No result","No result","undefined","0"
"Theaflavin 3,3'-O-Digallate","No result","No result","No result","undefined","0"
"Theaflavin 3-O-Gallate","No result","No result","No result","undefined","0"
"Luteolin 7-O-Diglucuronide","No result","No result","No result","undefined","0"
"Verbascoside","CHEBI:9953","HMDB0034843","InChI=1S/C29H36O15/c1-13-22(36)23(37)24(38)29(41-13)44-27-25(39)28(40-9-8-15-3-6-17(32)19(34)11-15)42-20(12-30)26(27)43-21(35)7-4-14-2-5-16(31)18(33)10-14/h2-7,10-11,13,20,22-34,36-39H,8-9,12H2,1H3/b7-4+","FBSKJMQYURKNSU-ZLSOWSIRSA-N","1"
"6''-O-Acetyldaidzin","No result","No result","No result","undefined","0"
"6''-O-Acetylgenistin","No result","No result","No result","undefined","0"
"6''-O-Acetylglycitin","No result","No result","No result","undefined","0"
"6''-O-Malonyldaidzin","No result","No result","No result","undefined","0"
"6''-O-Malonylgenistin","No result","No result","No result","undefined","0"
"6''-O-Malonylglycitin","No result","No result","No result","undefined","0"
"Daidzin","No result","HMDB0033991","InChI=1S/C21H20O9/c22-8-16-18(25)19(26)20(27)21(30-16)29-12-5-6-13-15(7-12)28-9-14(17(13)24)10-1-3-11(23)4-2-10/h1-7,9,16,18-23,25-27H,8H2/t16-,18-,19+,20-,21-/m1/s1","KYQZWONCHDNPDP-QNDFHXLGSA-N","1"
"Genistin","No result","HMDB0029909","InChI=1S/C21H30O11/c1-3-4-10-5-6-12(13(7-10)28-2)31-21-19(27)17(25)16(24)14(32-21)9-30-20-18(26)15(23)11(22)8-29-20/h3,5-7,11,14-27H,1,4,8-9H2,2H3","FSCNUJMKSQHQSY-UHFFFAOYSA-N","1"
"Glycitein","CHEBI:34778","HMDB0005781","InChI=1S/C16H12O5/c1-20-15-6-11-14(7-13(15)18)21-8-12(16(11)19)9-2-4-10(17)5-3-9/h2-8,17-18H,1H3","DXYUAIFZCFRPTH-UHFFFAOYSA-N","1"
"Glycitin","CHEBI:80373","HMDB0002219","InChI=1S/C22H22O10/c1-29-15-6-12-14(30-9-13(18(12)25)10-2-4-11(24)5-3-10)7-16(15)31-22-21(28)20(27)19(26)17(8-23)32-22/h2-7,9,17,19-24,26-28H,8H2,1H3/t17-,19-,20+,21-,22-/m1/s1","OZBAVEKZGSOMOJ-MIUGBVLSSA-N","1"
"Coumestrol","CHEBI:3908","HMDB0002326","InChI=1S/C15H8O5/c16-7-1-3-9-11(5-7)19-14-10-4-2-8(17)6-12(10)20-15(18)13(9)14/h1-6,16-17H","ZZIALNLLNHEQPJ-UHFFFAOYSA-N","1"
"Kaempferol 3-O-Glucosyl-Rhamnosyl-Galactoside","No result","No result","No result","undefined","0"
"Kaempferol 3-O-Glucosyl-Rhamnosyl-Glucoside","No result","No result","No result","undefined","0"
"Myricetin 3-O-Galactoside","No result","No result","No result","undefined","0"
"Quercetin 3-O-Glucosyl-Rhamnosyl-Galactoside","No result","No result","No result","undefined","0"
"Quercetin 3-O-Glucosyl-Rhamnosyl-Glucoside","No result","No result","No result","undefined","0"
"Quercetin 3-O-Rhamnosyl-Galactoside","No result","No result","No result","undefined","0"
"24-Methylcholestanol Ferulate","No result","No result","No result","undefined","0"
"24-Methylcholesterol Ferulate","No result","No result","No result","undefined","0"
"24-Methylenecholestanol Ferulate","No result","No result","No result","undefined","0"
"24-Methyllathosterol Ferulate","No result","No result","No result","undefined","0"
"Schottenol Ferulate","No result","No result","No result","undefined","0"
"Sitosterol Ferulate","No result","No result","No result","undefined","0"
"Stigmastanol Ferulate","No result","No result","No result","undefined","0"
"1-Acetoxypinoresinol","CHEBI:582","HMDB0033280","InChI=1S/C22H24O8/c1-12(23)30-22-11-29-20(13-4-6-16(24)18(8-13)26-2)15(22)10-28-21(22)14-5-7-17(25)19(9-14)27-3/h4-9,15,20-21,24-25H,10-11H2,1-3H3","NATDFORNCKZPCI-FPHUIIFBSA-N","1"
"3,4-Dhpea-Ea","No result","No result","No result","undefined","0"
"3,4-Dhpea-Eda","No result","No result","No result","undefined","0"
"Ligstroside","No result","HMDB0034751","InChI=1S/C25H32O12/c1-3-15-16(10-19(28)34-9-8-13-4-6-14(27)7-5-13)17(23(32)33-2)12-35-24(15)37-25-22(31)21(30)20(29)18(11-26)36-25/h3-7,12,16,18,20-22,24-27,29-31H,8-11H2,1-2H3/b15-3+/t16-,18+,20+,21-,22+,24-,25-/m0/s1","GMQXOLRKJQWPNB-FAWHCFPASA-N","1"
"Ligstroside-Aglycone","No result","No result","No result","undefined","0"
"Oleuropein-Aglycone","No result","No result","No result","undefined","0"
"P-Hpea-Ea","No result","No result","No result","undefined","0"
"P-Hpea-Eda","No result","No result","No result","undefined","0"
"Hydroxycaffeic Acid","No result","No result","No result","undefined","0"
"3,4-Dihydroxyphenylglycol","No result","No result","No result","undefined","0"
"3,4-Dhpea-Ac","No result","No result","No result","undefined","0"
"Apigenin 7-O-Glucoside","No result","No result","No result","undefined","0"
"Luteolin 7-O-Glucoside","No result","No result","No result","undefined","0"
"Demethyloleuropein","No result","HMDB0036121","InChI=1S/C24H30O13/c1-2-12-13(8-18(28)34-6-5-11-3-4-15(26)16(27)7-11)14(22(32)33)10-35-23(12)37-24-21(31)20(30)19(29)17(9-25)36-24/h2-4,7,10,13,17,19-21,23-27,29-31H,5-6,8-9H2,1H3,(H,32,33)/b12-2-","HKVGJQVJNQRJPO-OIXVIMQBSA-N","1"
"Hydroxytyrosol 4-O-Glucoside","No result","No result","No result","undefined","0"
"Oleoside 11-Methylester","No result","No result","No result","undefined","0"
"Oleoside Dimethylester","No result","No result","No result","undefined","0"
"P-Hpea-Ac","No result","No result","No result","undefined","0"
"Homoveratric Acid","No result","No result","No result","undefined","0"
"4-Vinylsyringol","No result","No result","No result","undefined","0"
"Sinapine","CHEBI:16353","HMDB0029379","InChI=1S/C16H23NO5/c1-17(2,3)8-9-22-15(18)7-6-12-10-13(20-4)16(19)14(11-12)21-5/h6-7,10-11H,8-9H2,1-5H3/p+1","HUJXHFRXWWGYQH-UHFFFAOYSA-O","1"
"Sesaminol","No result","HMDB0038932","InChI=1S/C20H18O7/c21-14-5-18-17(26-9-27-18)4-11(14)20-13-7-22-19(12(13)6-23-20)10-1-2-15-16(3-10)25-8-24-15/h1-5,12-13,19-21H,6-9H2","KQRXQIPRDKVZPW-UHFFFAOYSA-N","1"
"Sesamol","CHEBI:9126","HMDB0033812","InChI=1S/C7H6O3/c8-5-1-2-6-7(3-5)10-4-9-6/h1-3,8H,4H2","LUSZGTFNYDARNI-UHFFFAOYSA-N","1"
"Sesamolin","No result","HMDB0034119","InChI=1S/C20H18O7/c1-3-15-17(25-9-23-15)5-11(1)19-13-7-22-20(14(13)8-21-19)27-12-2-4-16-18(6-12)26-10-24-16/h1-6,13-14,19-20H,7-10H2/t13-,14-,19+,20+/m0/s1","ZZMNWJVJUKMZJY-AFHBHXEDSA-N","1"
"Sesamolinol","CHEBI:9127","HMDB0034119","InChI=1S/C20H18O7/c1-3-15-17(25-9-23-15)5-11(1)19-13-7-22-20(14(13)8-21-19)27-12-2-4-16-18(6-12)26-10-24-16/h1-6,13-14,19-20H,7-10H2","OJVGWDJIYBTWDS-AFHBHXEDSA-N","1"
"Episesamin","No result","No result","InChI=1S/C20H18O6/c1-3-15-17(25-9-23-15)5-11(1)19-13-7-22-20(14(13)8-21-19)12-2-4-16-18(6-12)26-10-24-16/h1-6,13-14,19-20H,7-10H2/t13-,14-,19-,20+/m0/s1","PEYUIKBAABKQKQ-WZBLMQSHSA-N","0"
"Episesaminol","No result","No result","No result","undefined","0"
"3-Methoxyacetophenone","No result","No result","No result","undefined","0"
"2-Methoxy-5-Prop-1-Enylphenol","No result","No result","No result","undefined","0"
"Apigenin 7-O-(6''-Malonyl-Apiosyl-Glucoside)","No result","No result","No result","undefined","0"
"Apigenin 7-O-Apiosyl-Glucoside","No result","No result","No result","undefined","0"
"Chrysoeriol 7-O-(6''-Malonyl-Apiosyl-Glucoside)","No result","No result","No result","undefined","0"
"Chrysoeriol 7-O-(6''-Malonyl-Glucoside)","No result","No result","No result","undefined","0"
"Chrysoeriol 7-O-Apiosyl-Glucoside","No result","No result","No result","undefined","0"
"Chrysoeriol 7-O-Glucoside","No result","No result","No result","undefined","0"
"Luteolin 7-O-(2-Apiosyl-6-Malonyl)-Glucoside","No result","No result","No result","undefined","0"
"Luteolin 7-O-(2-Apiosyl-Glucoside)","No result","No result","No result","undefined","0"
"Luteolin 7-O-Malonyl-Glucoside","No result","No result","No result","undefined","0"
"Cirsimaritin","CHEBI:81337","No result","InChI=1S/C17H14O6/c1-21-14-8-13-15(16(20)17(14)22-2)11(19)7-12(23-13)9-3-5-10(18)6-4-9/h3-8,18,20H,1-2H3","ZIIAJIWLQUVGHB-UHFFFAOYSA-N","1"
"Hispidulin","CHEBI:75902","HMDB0128581","InChI=1S/C16H12O6/c1-21-16-11(19)7-13-14(15(16)20)10(18)6-12(22-13)8-2-4-9(17)5-3-8/h2-7,17,19-20H,1H3","IHFBPDAQLQOCBX-UHFFFAOYSA-N","1"
"Kaempferol 3-O-Rhamnosyl-Rhamnosyl-Glucoside","No result","No result","No result","undefined","0"
"Quercetin 3-O-Rhamnosyl-Rhamnosyl-Glucoside","No result","No result","No result","undefined","0"
"Carnosic Acid","No result","No result","No result","undefined","0"
"Rosmanol","No result","No result","InChI=1S/C20H26O5/c1-9(2)10-8-11-12(15(23)13(10)21)20-7-5-6-19(3,4)17(20)16(14(11)22)25-18(20)24/h8-9,14,16-17,21-23H,5-7H2,1-4H3/t14-,16+,17-,20-/m0/s1","LCAZOMIGFDQMNC-FORWCCJISA-N","0"
"Rosmarinic Acid","No result","No result","No result","undefined","0"
"Cirsilineol","CHEBI:3718","No result","InChI=1S/C18H16O7/c1-22-13-6-9(4-5-10(13)19)12-7-11(20)16-14(25-12)8-15(23-2)18(24-3)17(16)21/h4-8,19,21H,1-3H3","VKOSQMWSWLZQPA-UHFFFAOYSA-N","1"
"Eupatorin","No result","No result","InChI=1S/C18H16O7/c1-22-12-5-4-9(6-10(12)19)13-7-11(20)16-14(25-13)8-15(23-2)18(24-3)17(16)21/h4-8,19,21H,1-3H3","KLAOKWJLUQKWIF-UHFFFAOYSA-N","0"
"Jaceosidin","CHEBI:66103","No result","InChI=1S/C17H14O7/c1-22-13-5-8(3-4-9(13)18)12-6-10(19)15-14(24-12)7-11(20)17(23-2)16(15)21/h3-7,18,20-21H,1-2H3","GLAAQZFBFGEBPS-UHFFFAOYSA-N","0"
"Nepetin","No result","No result","No result","undefined","0"
"Dihydroquercetin","CHEBI:17948","No result","InChI=1S/C15H12O7/c16-7-4-10(19)12-11(5-7)22-15(14(21)13(12)20)6-1-2-8(17)9(18)3-6/h1-5,14-19,21H/t14-,15+/m0/s1","CXQWRCVTCMQVQX-LSDHHAIUSA-N","1"
"Pinocembrin","CHEBI:28157","HMDB0141337","InChI=1S/C15H12O4/c16-10-6-11(17)15-12(18)8-13(19-14(15)7-10)9-4-2-1-3-5-9/h1-7,13,16-17H,8H2/t13-/m0/s1","URFCJEUYXNAHFI-ZDUSSCGKSA-N","1"
"Sakuranetin","No result","HMDB0030090","InChI=1S/C16H14O5/c1-20-11-6-12(18)16-13(19)8-14(21-15(16)7-11)9-2-4-10(17)5-3-9/h2-7,14,17-18H,8H2,1H3/t14-/m0/s1","DJOJDHGQRNZXQQ-AWEZNQCLSA-N","1"
"6-Hydroxyluteolin","No result","HMDB0036632","InChI=1S/C15H10O7/c16-7-2-1-6(3-8(7)17)11-4-9(18)13-12(22-11)5-10(19)14(20)15(13)21/h1-5,16-17,19-21H","VYAKIUWQLHRZGK-UHFFFAOYSA-N","1"
"6-Hydroxyluteolin 7-O-Rhamnoside","No result","No result","No result","undefined","0"
"Scutellarein","CHEBI:9062","HMDB0128587","InChI=1S/C15H10O6/c16-8-3-1-7(2-4-8)11-5-9(17)13-12(21-11)6-10(18)14(19)15(13)20/h1-6,16,18-20H","JVXZRQGOGOXCEC-UHFFFAOYSA-N","1"
"Methylgalangin","No result","No result","No result","undefined","0"
"Acetyl Eugenol","No result","No result","No result","undefined","0"
"Estragole","CHEBI:4867","HMDB0034121","InChI=1S/C10H12O/c1-3-4-9-5-7-10(11-2)8-6-9/h3,5-8H,1,4H2,2H3","ZFMSMUAANRJZFM-UHFFFAOYSA-N","1"
"Eugenol","CHEBI:4917","HMDB0005809","InChI=1S/C10H12O2/c1-3-4-8-5-6-9(11)10(7-8)12-2/h3,5-7,11H,1,4H2,2H3","RRAFCDWBNXTKKO-UHFFFAOYSA-N","1"
"[6]-Gingerol","undefined","undefined","undefined","undefined"
"Carnosol","CHEBI:3429","HMDB0002121","InChI=1S/C20H26O4/c1-10(2)11-8-12-13-9-14-19(3,4)6-5-7-20(14,18(23)24-13)15(12)17(22)16(11)21/h8,10,13-14,21-22H,5-7,9H2,1-4H3/t13-,14-,20+/m0/s1","XUSYGBPHQBWGAD-PJSUUKDQSA-N","1"
"Carvacrol","CHEBI:3440","HMDB0035770","InChI=1S/C10H14O/c1-7(2)9-5-4-8(3)10(11)6-9/h4-7,11H,1-3H3","RECUKUPTGUEGMW-UHFFFAOYSA-N","1"
"Epirosmanol","No result","HMDB0035812","InChI=1S/C20H26O5/c1-9(2)10-8-11-12(15(23)13(10)21)20-7-5-6-19(3,4)17(20)16(14(11)22)25-18(20)24/h8-9,14,16-17,21-23H,5-7H2,1-4H3","LCAZOMIGFDQMNC-UHFFFAOYSA-N","1"
"Rosmadial","No result","No result","No result","undefined","0"
"Thymol","No result","HMDB0001878","InChI=1S/C10H14O/c1-7(2)9-5-4-8(3)6-10(9)11/h4-7,11H,1-3H3","MGSRCZKZVOBKFT-UHFFFAOYSA-N","1"
"Baicalein","No result","HMDB0134890","InChI=1S/C15H10O5/c16-9-6-11(8-4-2-1-3-5-8)20-12-7-10(17)14(18)15(19)13(9)12/h1-7,17-19H","FXNFHKRTJBSTCS-UHFFFAOYSA-N","1"
"Caffeic Acid Ethyl Ester","No result","No result","No result","undefined","0"
"P-Coumaric Acid Ethyl Ester","No result","No result","No result","undefined","0"
"P-Coumaroyl Tartaric Acid Glucosidic Ester","No result","No result","No result","undefined","0"
"Coumarin","CHEBI:28794","HMDB0001218","InChI=1S/C9H6O2/c10-9-6-5-7-3-1-2-4-8(7)11-9/h1-6H","ZYGHJZDHTFUPRJ-UHFFFAOYSA-N","1"
"Curcumin","CHEBI:3962","HMDB0002269","InChI=1S/C21H20O6/c1-26-20-11-14(5-9-18(20)24)3-7-16(22)13-17(23)8-4-15-6-10-19(25)21(12-15)27-2/h3-12,24-25H,13H2,1-2H3/b7-3+,8-4+","ZIUSSTSXXLLKKK-KOBPDPAPSA-N","1"
"Naringenin 7-O-Glucoside","No result","No result","No result","undefined","0"
"6,8-Dihydroxykaempferol","No result","No result","No result","undefined","0"
"Isorhamnetin 3-O-Galactoside","No result","No result","No result","undefined","0"
"Isohydroxymatairesinol","No result","No result","InChI=1S/C20H22O7/c1-25-17-8-11(3-5-15(17)22)7-13-14(10-21)19(27-20(13)24)12-4-6-16(23)18(9-12)26-2/h3-6,8-9,13-14,19,21-23H,7,10H2,1-2H3/t13-,14+,19-/m1/s1","BTXZSJTULWTSJG-BIENJYKASA-N","0"
"Anhydro-Secoisolariciresinol","No result","No result","No result","undefined","0"
"Todolactol A","No result","No result","No result","undefined","0"
"Delphinidin 3-O-Feruloyl-Glucoside","No result","No result","No result","undefined","0"
"Petunidin 3,5-O-Diglucoside","No result","No result","No result","undefined","0"
"Petunidin 3-O-Rhamnoside","No result","No result","No result","undefined","0"
"Kaempferol 3-O-Acetyl-Glucoside","No result","No result","No result","undefined","0"
"Kaempferol 3-O-Xylosyl-Glucoside","No result","No result","No result","undefined","0"
"P-Coumaroyl Glycolic Acid","No result","No result","No result","undefined","0"
"P-Coumaroyl Malic Acid","No result","No result","No result","undefined","0"
"Resveratrol 5-O-Glucoside","No result","No result","No result","undefined","0"
"(+)-Catechin 3-O-Glucose","No result","No result","No result","undefined","0"
"Gallic Aldehyde","No result","No result","No result","undefined","0"
"Kaempferol 3,7-O-Diglucoside","No result","No result","No result","undefined","0"
"Kaempferol 3-O-Sophoroside","No result","No result","No result","undefined","0"
"1,2'-Disinapoyl-2-Feruloylgentiobiose","No result","No result","No result","undefined","0"
"1,2,2'-Triferuloylgentiobiose","No result","No result","No result","undefined","0"
"1,2,2'-Trisinapoylgentiobiose","No result","No result","No result","undefined","0"
"1,2-Diferuloylgentiobiose","No result","No result","No result","undefined","0"
"1,2-Disinapoylgentiobiose","No result","No result","No result","undefined","0"
"1-Sinapoyl-2,2'-Diferuloylgentiobiose","No result","No result","No result","undefined","0"
"1-Sinapoyl-2-Feruloylgentiobiose","No result","No result","No result","undefined","0"
"Isorhoifolin","No result","HMDB0037349","InChI=1S/C27H30O14/c1-10-20(31)22(33)24(35)26(38-10)37-9-18-21(32)23(34)25(36)27(41-18)39-13-6-14(29)19-15(30)8-16(40-17(19)7-13)11-2-4-12(28)5-3-11/h2-8,10,18,20-29,31-36H,9H2,1H3/t10-,18+,20-,21+,22+,23-,24+,25+,26+,27+/m0/s1","FKIYLTVJPDLUDL-UHFFFAOYSA-N","1"
"Luteolin 6-C-Glucoside","No result","No result","No result","undefined","0"
"Dihydro-P-Coumaric Acid","No result","No result","No result","undefined","0"
"Methoxyphenylacetic Acid","No result","No result","No result","undefined","0"
"Dihydrocaffeic Acid","No result","No result","No result","undefined","0"
"Chicoric Acid","No result","No result","No result","undefined","0"
"Luteolin 7-O-Glucuronide","No result","No result","No result","undefined","0"
"Kaempferol 3-O-(6"-Malonyl-Glucoside)","No result","No result","No result","undefined","0"
"Quercetin 3-O-(6"-Malonyl-Glucoside)","No result","No result","No result","undefined","0"
"Quercetin 3-O-(6"-Malonyl-Glucoside) 7-O-Glucoside","No result","No result","No result","undefined","0"
"5,3',4'-Trihydroxy-3-Methoxy-6:7-Methylenedioxyflavone 4'-O-Glucuronide","No result","No result","No result","undefined","0"
"5,4'-Dihydroxy-3,3'-Dimethoxy-6:7-Methylenedioxyflavone 4'-O-Glucuronide","No result","No result","No result","undefined","0"
"Jaceidin 4'-O-Glucuronide","No result","No result","No result","undefined","0"
"Patuletin 3-O-(2''-Feruloylglucosyl)(1->6)-[Apiosyl(1->2)]-Glucoside","undefined","undefined","undefined","undefined"
"Patuletin 3-O-Glucosyl-(1->6)-[Apiosyl(1->2)]-Glucoside","undefined","undefined","undefined","undefined"
"Spinacetin 3-O-(2"-Feruloylglucosyl)(1->6)-[Apiosyl(1->2)]-Glucoside","undefined","undefined","undefined","undefined"
"Spinacetin 3-O-(2"-P-Coumaroylglucosyl)(1->6)-[Apiosyl(1->2)]-Glucoside","undefined","undefined","undefined","undefined"
"Spinacetin 3-O-Glucosyl-(1->6)-Glucoside","No result","No result","No result","undefined","0"
"Spinacetin 3-O-Glucosyl-(1->6)-[Apiosyl(1->2)]-Glucoside","undefined","undefined","undefined","undefined"
"Cyanidin 3-O-(6''-Malonyl-3''-Glucosyl-Glucoside)","No result","No result","No result","undefined","0"
"Delphinidin 3-O-Glucosyl-Glucoside","No result","No result","No result","undefined","0"
"Isorhamnetin 4'-O-Glucoside","No result","No result","No result","undefined","0"
"Quercetin 3,4'-O-Diglucoside","No result","No result","No result","undefined","0"
"Quercetin 4'-O-Glucoside","No result","No result","No result","undefined","0"
"Quercetin 7,4'-O-Diglucoside","No result","No result","No result","undefined","0"
"Butein","CHEBI:3237","No result","InChI=1S/C15H12O5/c16-10-3-4-11(14(19)8-10)12(17)5-1-9-2-6-13(18)15(20)7-9/h1-8,16,18-20H/b5-1+","AYMYWHCQALZEGT-ORCRQEGFSA-N","1"
"7,3',4'-Trihydroxyflavone","No result","No result","No result","undefined","0"
"7,4'-Dihydroxyflavone","No result","No result","No result","undefined","0"
"Geraldone","CHEBI:5326","HMDB0133330","InChI=1S/C16H12O5/c1-20-16-6-9(2-5-12(16)18)14-8-13(19)11-4-3-10(17)7-15(11)21-14/h2-8,17-18H,1H3","OUMMPAFEQHTYIZ-UHFFFAOYSA-N","1"
"Kaempferol 3-O-(2''-Rhamnosyl-6''-Acetyl-Galactoside) 7-O-Rhamnoside","No result","No result","No result","undefined","0"
"Kaempferol 3-O-(2''-Rhamnosyl-Galactoside) 7-O-Rhamnoside","No result","No result","No result","undefined","0"
"Kaempferol 3-O-(6''-Acetyl-Galactoside) 7-O-Rhamnoside","No result","No result","No result","undefined","0"
"Kaempferol 3-O-Galactoside 7-O-Rhamnoside","No result","No result","No result","undefined","0"
"Kaempferol 7-O-Glucoside","No result","No result","No result","undefined","0"
"Quercetin 3-O-(6''-Acetyl-Galactoside) 7-O-Rhamnoside","No result","No result","No result","undefined","0"
"Quercetin 3-O-Galactoside 7-O-Rhamnoside","No result","No result","No result","undefined","0"
"Kaempferol 3-O-Xylosyl-Rutinoside","No result","No result","No result","undefined","0"
"Quercetin 3-O-Xylosyl-Rutinoside","No result","No result","No result","undefined","0"
"3,4-Diferuloylquinic Acid","No result","No result","No result","undefined","0"
"3,5-Diferuloylquinic Acid","No result","No result","No result","undefined","0"
"Apigenin 7-O-Glucuronide","No result","No result","No result","undefined","0"
"Isopimpinellin","CHEBI:28853","HMDB0034312","InChI=1S/C13H10O5/c1-15-10-7-3-4-9(14)18-12(7)13(16-2)11-8(10)5-6-17-11/h3-6H,1-2H3","DFMAXQKDIGCMTL-UHFFFAOYSA-N","1"
"Psoralen","CHEBI:27616","HMDB0034272","InChI=1S/C11H6O3/c12-11-2-1-7-5-8-3-4-13-9(8)6-10(7)14-11/h1-6H","ZCCUUQDIBDJBTK-UHFFFAOYSA-N","1"
"Xanthotoxin","CHEBI:18358","HMDB0014693","InChI=1S/C12H8O4/c1-14-12-10-8(4-5-15-10)6-7-2-3-9(13)16-11(7)12/h2-6H,1H3","QXKHYNVANLEOEG-UHFFFAOYSA-N","1"