InChIKey,Kingdom,SuperClass,Class,SubClass,Level5,Level6,Level7
BYXCFUMGEBZDDI-UHFFFAOYSA-N,Organic compounds,Organoheterocyclic compounds,Imidazopyrimidines,Purines and purine derivatives,Xanthines,NA,NA
OTSBKHHWSQYEHK-UHFFFAOYSA-N,Organic compounds,Organoheterocyclic compounds,Imidazopyrimidines,Purines and purine derivatives,Xanthines,NA,NA
NOFNCLGCUJJPKU-UHFFFAOYSA-N,Organic compounds,Organoheterocyclic compounds,Imidazopyrimidines,Purines and purine derivatives,Xanthines,NA,NA
BUCREAQPYGLZLI-SXFAUFNYSA-N,Organic compounds,Benzenoids,Pyrenes,NA,NA,NA,NA
BRMWTNUJHUMWMS-LURJTMIESA-N,Organic compounds,Organic acids and derivatives,Carboxylic acids and derivatives,"Amino acids, peptides, and analogues",Amino acids and derivatives,Alpha amino acids and derivatives,Histidine and derivatives
LPYUENQFPVNPHY-UHFFFAOYSA-N,Organic compounds,Benzenoids,Phenols,Methoxyphenols,NA,NA,NA
WIRBFTWUCRQZDH-UHFFFAOYSA-N,Organic compounds,Organic oxygen compounds,Organooxygen compounds,Carbohydrates and carbohydrate conjugates,Glycosyl compounds,Phenolic glycosides,NA
ZCXVNAUYGLECEF-UHFFFAOYSA-N,Organic compounds,Organic oxygen compounds,Organooxygen compounds,Carbohydrates and carbohydrate conjugates,Glycosyl compounds,Phenolic glycosides,NA
NTXOJWKIHIOUQN-UHFFFAOYSA-N,Organic compounds,Organic acids and derivatives,Organic sulfuric acids and derivatives,Arylsulfates,Phenylsulfates,NA,NA
QFDRTQONISXGJA-UHFFFAOYSA-N,Organic compounds,Organoheterocyclic compounds,Imidazopyrimidines,Purines and purine derivatives,Xanthines,NA,NA
MVOYJPOZRLFTCP-UHFFFAOYSA-N,Organic compounds,Organoheterocyclic compounds,Imidazopyrimidines,Purines and purine derivatives,Xanthines,NA,NA
ZZTMNRLDFVIBTG-UHFFFAOYSA-N,Organic compounds,Organic oxygen compounds,Organooxygen compounds,Carbohydrates and carbohydrate conjugates,Glycosyl compounds,Phenolic glycosides,NA
WEIFSGICBUHQQV-UHFFFAOYSA-N,Organic compounds,Organic oxygen compounds,Organooxygen compounds,Carbohydrates and carbohydrate conjugates,Glycosyl compounds,Phenolic glycosides,NA
QDPNFTHYUAKYKM-UHFFFAOYSA-N,Organic compounds,Organic acids and derivatives,Organic sulfuric acids and derivatives,Arylsulfates,Phenylsulfates,NA,NA
BTQAJGSMXCDDAJ-UHFFFAOYSA-N,Organic compounds,Benzenoids,Phenols,Benzenetriols and derivatives,Phloroglucinols and derivatives,Acylphloroglucinols and derivatives,NA
COVOPZQGJGUPEY-UHFFFAOYSA-N,Organic compounds,Organoheterocyclic compounds,Benzoxazines,Benzoxazinones,NA,NA,NA
GDNZNIJPBQATCZ-UHFFFAOYSA-N,Organic compounds,Organoheterocyclic compounds,Benzoxazines,Benzoxazinones,NA,NA,NA
UIAFKZKHHVMJGS-UHFFFAOYSA-N,Organic compounds,Benzenoids,Benzene and substituted derivatives,Benzoic acids and derivatives,Hydroxybenzoic acid derivatives,NA,NA
JRPJGICIYUNHQW-UHFFFAOYSA-N,Organic compounds,Organic oxygen compounds,Organooxygen compounds,Carbohydrates and carbohydrate conjugates,Glycosyl compounds,Phenolic glycosides,NA
HTVZPXVZCIIMAA-UHFFFAOYSA-N,Organic compounds,Organic oxygen compounds,Organooxygen compounds,Carbohydrates and carbohydrate conjugates,Glycosyl compounds,Phenolic glycosides,NA
DRJRXXDGTMEQKU-UHFFFAOYSA-N,Organic compounds,Organic acids and derivatives,Organic sulfuric acids and derivatives,Arylsulfates,Phenylsulfates,NA,NA
XKAUVSKGVSQBFW-UHFFFAOYSA-N,Organic compounds,Organic acids and derivatives,Organic sulfuric acids and derivatives,Arylsulfates,Phenylsulfates,NA,NA
AKEUNCKRJATALU-UHFFFAOYSA-N,Organic compounds,Benzenoids,Benzene and substituted derivatives,Benzoic acids and derivatives,Hydroxybenzoic acid derivatives,Salicylic acid and derivatives,Salicylic acids
YMTKHYRBSOTLTP-UHFFFAOYSA-N,Organic compounds,Organic oxygen compounds,Organooxygen compounds,Carbohydrates and carbohydrate conjugates,Glycosyl compounds,Phenolic glycosides,NA
BCTCNBZWJFQHRF-UHFFFAOYSA-N,Organic compounds,Organic oxygen compounds,Organooxygen compounds,Carbohydrates and carbohydrate conjugates,Glycosyl compounds,Phenolic glycosides,NA
SQVPGYDPSLNFET-KSXIZUIISA-N,Organic compounds,Organic oxygen compounds,Organooxygen compounds,Carbohydrates and carbohydrate conjugates,Sugar acids and derivatives,Glucuronic acid derivatives,Glucuronides
CDAWCLOXVUBKRW-UHFFFAOYSA-N,Organic compounds,Benzenoids,Benzene and substituted derivatives,Aniline and substituted anilines,NA,NA,NA
ZVFVTBSWJWONEI-GOVZDWNOSA-N,Organic compounds,Organic oxygen compounds,Organooxygen compounds,Carbohydrates and carbohydrate conjugates,Glycosyl compounds,Phenolic glycosides,NA
VSTZVCJQGSLNLL-UHFFFAOYSA-N,Organic compounds,Organic acids and derivatives,Organic sulfuric acids and derivatives,Arylsulfates,Phenylsulfates,NA,NA
ASSKVPFEZFQQNQ-UHFFFAOYSA-N,Organic compounds,Organoheterocyclic compounds,Benzoxazoles,Benzoxazolones,NA,NA,NA
VMQBFYRBJKDACN-UHFFFAOYSA-N,Organic compounds,Organoheterocyclic compounds,Benzoxazines,Benzoxazinones,NA,NA,NA
NDEPTLCFICMYLH-UHFFFAOYSA-N,Organic compounds,Organoheterocyclic compounds,Benzoxazines,Benzoxazinones,NA,NA,NA
YGSDEFSMJLZEOE-UHFFFAOYSA-N,Organic compounds,Benzenoids,Benzene and substituted derivatives,Benzoic acids and derivatives,Hydroxybenzoic acid derivatives,Salicylic acid and derivatives,Salicylic acids
JSCWDKKMLIQCMR-CDHFTJPESA-N,Organic compounds,Organic oxygen compounds,Organooxygen compounds,Carbohydrates and carbohydrate conjugates,Glycosyl compounds,Phenolic glycosides,NA
MOODSJOROWROTO-UHFFFAOYSA-N,Organic compounds,Organic acids and derivatives,Organic sulfuric acids and derivatives,Arylsulfates,Phenylsulfates,NA,NA
CCVYRRGZDBSHFU-UHFFFAOYSA-N,Organic compounds,Benzenoids,Benzene and substituted derivatives,Phenylacetic acids,2(hydroxyphenyl)acetic acids,NA,NA
QFYYAIBEHOEZKC-UHFFFAOYSA-N,Organic compounds,Benzenoids,Phenols,Methoxyphenols,NA,NA,NA
PCYIQKIPHUBFMX-JDQAZDLZSA-N,Organic compounds,Organic oxygen compounds,Organooxygen compounds,Carbohydrates and carbohydrate conjugates,Glycosyl compounds,Phenolic glycosides,NA
ARLAWMCEVZUXEY-UHFFFAOYSA-N,Organic compounds,Organic acids and derivatives,Organic sulfuric acids and derivatives,Arylsulfates,Phenylsulfates,NA,NA
PYQSUTLVBSTCSK-BJPDSMLBSA-N,Organic compounds,Organic oxygen compounds,Organooxygen compounds,Carbohydrates and carbohydrate conjugates,Glycosyl compounds,O-glycosyl compounds,NA
OUSLYTBGQGKTME-BJPDSMLBSA-N,Organic compounds,Organic oxygen compounds,Organooxygen compounds,Carbohydrates and carbohydrate conjugates,Glycosyl compounds,O-glycosyl compounds,NA
WTGXAWKVZMQEDA-XGHDNVSXSA-N,Organic compounds,Organic oxygen compounds,Organooxygen compounds,Carbohydrates and carbohydrate conjugates,Glycosyl compounds,O-glycosyl compounds,NA
PMBZSEOAOIYRMW-XGHDNVSXSA-N,Organic compounds,Organic oxygen compounds,Organooxygen compounds,Carbohydrates and carbohydrate conjugates,Glycosyl compounds,O-glycosyl compounds,NA
ITPFIKQWNDGDLG-UHFFFAOYSA-N,Organic compounds,Phenylpropanoids and polyketides,Phenylpropanoic acids,NA,NA,NA,NA
IITQLVPAMWYCDQ-DKBOKBLXSA-N,Organic compounds,Organic oxygen compounds,Organooxygen compounds,Carbohydrates and carbohydrate conjugates,Glycosyl compounds,Phenolic glycosides,NA
WEPNMLSXEATIJK-UHFFFAOYSA-N,Organic compounds,Organic acids and derivatives,Organic sulfuric acids and derivatives,Arylsulfates,Phenylsulfates,NA,NA
KHTAGVZHYUZYMF-UHFFFAOYSA-N,Organic compounds,Phenylpropanoids and polyketides,Phenylpropanoic acids,NA,NA,NA,NA
QVWAEZJXDYOKEH-UHFFFAOYSA-N,Organic compounds,Phenylpropanoids and polyketides,Phenylpropanoic acids,NA,NA,NA,NA
YFLHDBYZUJBQGB-DKBOKBLXSA-N,Organic compounds,Organic oxygen compounds,Organooxygen compounds,Carbohydrates and carbohydrate conjugates,Glycosyl compounds,Phenolic glycosides,NA
IQWLPDPKVFZEOK-UHFFFAOYSA-N,Organic compounds,Organic acids and derivatives,Organic sulfuric acids and derivatives,Arylsulfates,Phenylsulfates,NA,NA
UFCLZKMFXSILNL-PSEXTPKNSA-N,Organic compounds,Organic oxygen compounds,Organooxygen compounds,Alcohols and polyols,Cyclic alcohols and derivatives,Cyclitols and derivatives,Quinic acids and derivatives
IBGBGRVKPALMCQ-UHFFFAOYSA-N,Organic compounds,Organic oxygen compounds,Organooxygen compounds,Carbonyl compounds,Aldehydes,Aryl-aldehydes,Benzaldehydes
YQUVCSBJEUQKSH-UHFFFAOYSA-N,Organic compounds,Benzenoids,Benzene and substituted derivatives,Benzoic acids and derivatives,Hydroxybenzoic acid derivatives,NA,NA
CXNFDJSOAJNKSU-CDHFTJPESA-N,Organic compounds,Phenylpropanoids and polyketides,Tannins,Hydrolyzable tannins,NA,NA,NA
GSFKEOSQCKWCLH-UHFFFAOYSA-N,Organic compounds,Organic acids and derivatives,Organic sulfuric acids and derivatives,Arylsulfates,Phenylsulfates,NA,NA
NLCBCVGRBFNEJE-CDHFTJPESA-N,Organic compounds,Organic oxygen compounds,Organooxygen compounds,Carbohydrates and carbohydrate conjugates,Glycosyl compounds,Phenolic glycosides,NA
NGQYUDIZIPNWJV-UHFFFAOYSA-N,Organic compounds,Organic acids and derivatives,Organic sulfuric acids and derivatives,Arylsulfates,Phenylsulfates,NA,NA
CFFZDZCDUFSOFZ-UHFFFAOYSA-N,Organic compounds,Benzenoids,Phenols,Benzenediols,Catechols,NA,NA
RVIUQHYENGKVCZ-UHFFFAOYSA-N,Organic compounds,Organic oxygen compounds,Organooxygen compounds,Carbohydrates and carbohydrate conjugates,Glycosyl compounds,Phenolic glycosides,NA
KAIXMDKRVHGWDK-UHFFFAOYSA-N,Organic compounds,Organic acids and derivatives,Organic sulfuric acids and derivatives,Arylsulfates,Phenylsulfates,NA,NA
SOKKQMPCIJPSGH-UHFFFAOYSA-N,Organic compounds,Organic oxygen compounds,Organooxygen compounds,Carbohydrates and carbohydrate conjugates,Glycosyl compounds,Phenolic glycosides,NA
ZQTJTTSZJNFQGJ-UHFFFAOYSA-N,Organic compounds,Organic acids and derivatives,Organic sulfuric acids and derivatives,Arylsulfates,Phenylsulfates,NA,NA
NMHMNPHRMNGLLB-UHFFFAOYSA-N,Organic compounds,Phenylpropanoids and polyketides,Phenylpropanoic acids,NA,NA,NA,NA
WALCYTHTBOWOFF-PDWCTOEPSA-N,Organic compounds,Organic oxygen compounds,Organooxygen compounds,Carbohydrates and carbohydrate conjugates,Sugar acids and derivatives,Glucuronic acid derivatives,NA
YKAVCSNFDHAGEG-UHFFFAOYSA-N,Organic compounds,Organic acids and derivatives,Organic sulfuric acids and derivatives,Arylsulfates,Phenylsulfates,NA,NA
KRZBCHWVBQOTNZ-RDJMKVHDSA-N,Organic compounds,Organic oxygen compounds,Organooxygen compounds,Alcohols and polyols,Cyclic alcohols and derivatives,Cyclitols and derivatives,Quinic acids and derivatives
UYEMGAFJOZZIFP-UHFFFAOYSA-N,Organic compounds,Benzenoids,Benzene and substituted derivatives,Benzoic acids and derivatives,Hydroxybenzoic acid derivatives,NA,NA
LEONNYUSLXUBTI-CDHFTJPESA-N,Organic compounds,Organic oxygen compounds,Organooxygen compounds,Carbohydrates and carbohydrate conjugates,Glycosyl compounds,Phenolic glycosides,NA
NDZHPENMJGDGPX-UHFFFAOYSA-N,Organic compounds,Organic acids and derivatives,Organic sulfuric acids and derivatives,Arylsulfates,Phenylsulfates,NA,NA
HMLZLHKHNBLLJD-UHFFFAOYSA-N,Organic compounds,Organoheterocyclic compounds,Imidazopyrimidines,Purines and purine derivatives,Xanthines,NA,NA
CWVRJTMFETXNAD-JUHZACGLSA-N,Organic compounds,Organic oxygen compounds,Organooxygen compounds,Alcohols and polyols,Cyclic alcohols and derivatives,Cyclitols and derivatives,Quinic acids and derivatives
WMCQWXZMVIETAO-UHFFFAOYSA-N,Organic compounds,Lipids and lipid-like molecules,Fatty Acyls,Fatty acids and conjugates,Heterocyclic fatty acids,Furanoid fatty acids,NA
RAGZUCNPTLULOL-KQJPBSFVSA-N,Organic compounds,Organic oxygen compounds,Organooxygen compounds,Alcohols and polyols,Cyclic alcohols and derivatives,Cyclitols and derivatives,Quinic acids and derivatives
IAVREABSGIHHMO-UHFFFAOYSA-N,Organic compounds,Organic oxygen compounds,Organooxygen compounds,Carbonyl compounds,Aldehydes,Aryl-aldehydes,Benzaldehydes
IJFXRHURBJZNAO-UHFFFAOYSA-N,Organic compounds,Benzenoids,Benzene and substituted derivatives,Benzoic acids and derivatives,Hydroxybenzoic acid derivatives,NA,NA
ZXNABXFYKZWAPQ-UHFFFAOYSA-N,Organic compounds,Organic oxygen compounds,Organooxygen compounds,Carbohydrates and carbohydrate conjugates,Glycosyl compounds,Phenolic glycosides,NA
MZYPOJMKJHCOQG-UHFFFAOYSA-N,Organic compounds,Organic acids and derivatives,Organic sulfuric acids and derivatives,Arylsulfates,Phenylsulfates,NA,NA
XDOFWFNMYJRHEW-UHFFFAOYSA-N,Organic compounds,Benzenoids,Benzene and substituted derivatives,Benzoic acids and derivatives,Benzamides,Hippuric acids and derivatives,Hippuric acids
FVMDYYGIDFPZAX-UHFFFAOYSA-N,Organic compounds,Benzenoids,Phenols,1-hydroxy-4-unsubstituted benzenoids,NA,NA,NA
UJBQYMIQTYWRFA-UHFFFAOYSA-N,Organic compounds,Organic oxygen compounds,Organooxygen compounds,Carbohydrates and carbohydrate conjugates,Glycosyl compounds,Phenolic glycosides,NA
VBCLPDSIELLWDI-UHFFFAOYSA-N,Organic compounds,Organic acids and derivatives,Organic sulfuric acids and derivatives,Arylsulfates,Phenylsulfates,NA,NA
OQBMUBCLLAWJHJ-PYSZTQAZSA-N,Organic compounds,Phenylpropanoids and polyketides,Flavonoids,Flavonoid glycosides,Flavonoid O-glycosides,Flavonoid O-glucuronides,NA
BBDWMQGDVLQOSW-UHFFFAOYSA-N,Organic compounds,Phenylpropanoids and polyketides,Flavonoids,Flavans,Flavan-3-ols,Catechins,NA
OQBMUBCLLAWJHJ-FDRKUGEKSA-N,Organic compounds,Phenylpropanoids and polyketides,Flavonoids,Flavonoid glycosides,Flavonoid O-glycosides,Flavonoid O-glucuronides,NA
QGMVQGQNIUVPMC-MLGOLLRUSA-N,Organic compounds,Phenylpropanoids and polyketides,Flavonoids,Flavans,Flavan-3-ols,Catechins,NA
ZFUHNDPCTCXKQO-MLGOLLRUSA-N,Organic compounds,Phenylpropanoids and polyketides,Flavonoids,Flavans,Flavan-3-ols,Catechins,NA
MZJSKSYVZZIYPF-ZRRVXMDUSA-N,Organic compounds,Phenylpropanoids and polyketides,Flavonoids,Flavonoid glycosides,Flavonoid O-glycosides,Flavonoid O-glucuronides,Flavonoid-7-O-glucuronides
RIKCESGMRQZLKQ-CZUORRHYSA-N,Organic compounds,Phenylpropanoids and polyketides,Flavonoids,Flavans,Flavan-3-ols,Catechins,NA
KWCCUYSXAYTNKA-UHFFFAOYSA-N,Organic compounds,Benzenoids,Benzene and substituted derivatives,Benzoic acids and derivatives,Hydroxybenzoic acid derivatives,Gallic acid and derivatives,NA
XFEXVGIHNGUIFM-UHFFFAOYSA-N,Organic compounds,Phenylpropanoids and polyketides,Tannins,Hydrolyzable tannins,NA,NA,NA
QUGZPKOJDPDIDP-UHFFFAOYSA-N,Organic compounds,Benzenoids,Benzene and substituted derivatives,Benzoic acids and derivatives,Hydroxybenzoic acid derivatives,Gallic acid and derivatives,NA
ILWDNUVZYSRINE-UHFFFAOYSA-N,Organic compounds,Phenylpropanoids and polyketides,Tannins,Hydrolyzable tannins,NA,NA,NA
JDHILDINMRGULE-LURJTMIESA-N,Organic compounds,Organic acids and derivatives,Carboxylic acids and derivatives,"Amino acids, peptides, and analogues",Amino acids and derivatives,Alpha amino acids and derivatives,Histidine and derivatives
ODCYDGXXCHTFIR-UHFFFAOYSA-N,Organic compounds,Organoheterocyclic compounds,Imidazopyrimidines,Purines and purine derivatives,Xanthines,NA,NA
GMSNIKWWOQHZGF-UHFFFAOYSA-N,Organic compounds,Organoheterocyclic compounds,Imidazopyrimidines,Purines and purine derivatives,Xanthines,NA,NA
UFCLZKMFXSILNL-RVXRWRFUSA-N,Organic compounds,Organic oxygen compounds,Organooxygen compounds,Alcohols and polyols,Cyclic alcohols and derivatives,Cyclitols and derivatives,Quinic acids and derivatives
GYFFKZTYYAFCTR-AVXJPILUSA-N,Organic compounds,Organic oxygen compounds,Organooxygen compounds,Alcohols and polyols,Cyclic alcohols and derivatives,Cyclitols and derivatives,Quinic acids and derivatives
JDBYFCLHVYVXCX-UHFFFAOYSA-N,Organic compounds,Organic acids and derivatives,Hydroxy acids and derivatives,Medium-chain hydroxy acids and derivatives,NA,NA,NA
BKJQCPDRWDNBIN-UHFFFAOYSA-N,Organic compounds,Lipids and lipid-like molecules,Saccharolipids,NA,NA,NA,NA
HROSNTXKMPHTSL-UHFFFAOYSA-N,Organic compounds,Lipids and lipid-like molecules,Fatty Acyls,Fatty acids and conjugates,Sulfated fatty acids,NA,NA
LLKUARGHNZMSRT-UHFFFAOYSA-N,Organic compounds,Lipids and lipid-like molecules,Saccharolipids,NA,NA,NA,NA
RGHHSNMVTDWUBI-UHFFFAOYSA-N,Organic compounds,Organic oxygen compounds,Organooxygen compounds,Carbonyl compounds,Aldehydes,Aryl-aldehydes,Benzaldehydes
FJKROLUGYXJWQN-UHFFFAOYSA-N,Organic compounds,Benzenoids,Benzene and substituted derivatives,Benzoic acids and derivatives,Hydroxybenzoic acid derivatives,NA,NA
DKNOHNCMCYDVLT-UHFFFAOYSA-N,Organic compounds,Organic oxygen compounds,Organooxygen compounds,Carbohydrates and carbohydrate conjugates,Glycosyl compounds,Phenolic glycosides,NA
RJTYSXVYCZAUHE-UHFFFAOYSA-N,Organic compounds,Organic acids and derivatives,Organic sulfuric acids and derivatives,Arylsulfates,Phenylsulfates,NA,NA
ZMHLUFWWWPBTIU-UHFFFAOYSA-N,Organic compounds,Benzenoids,Benzene and substituted derivatives,Benzoic acids and derivatives,Benzamides,Hippuric acids and derivatives,Hippuric acids
XQXPVVBIMDBYFF-UHFFFAOYSA-N,Organic compounds,Benzenoids,Phenols,1-hydroxy-2-unsubstituted benzenoids,NA,NA,NA
DPTGYOOHBJLCOL-UHFFFAOYSA-N,Organic compounds,Organic oxygen compounds,Organooxygen compounds,Carbohydrates and carbohydrate conjugates,Glycosyl compounds,Phenolic glycosides,NA
IIODELUADFSHIZ-UHFFFAOYSA-N,Organic compounds,Organic acids and derivatives,Organic sulfuric acids and derivatives,Arylsulfates,Phenylsulfates,NA,NA
MUNWAHDYFVYIKH-RITPCOANSA-N,Organic compounds,Organic acids and derivatives,Carboxylic acids and derivatives,"Amino acids, peptides, and analogues",Amino acids and derivatives,Alpha amino acids and derivatives,Proline and derivatives
ZBCATMYQYDCTIZ-UHFFFAOYSA-N,Organic compounds,Benzenoids,Phenols,Benzenediols,Catechols,NA,NA
NCOMUGOPQPRVSE-UHFFFAOYSA-N,Organic compounds,Organic acids and derivatives,Organic sulfuric acids and derivatives,Arylsulfates,Phenylsulfates,NA,NA
CMEBXVIUEVCAFK-UHFFFAOYSA-N,Organic compounds,Organic acids and derivatives,Organic sulfuric acids and derivatives,Arylsulfates,Phenylsulfates,NA,NA
ZHDMPVIDHWJGTN-CZUORRHYSA-N,Organic compounds,Phenylpropanoids and polyketides,Flavonoids,Flavans,Flavan-3-ols,Catechins,NA
PSOMCIRLFFROES-FDRKUGEKSA-N,Organic compounds,Phenylpropanoids and polyketides,Flavonoids,Flavonoid glycosides,Flavonoid O-glycosides,Flavonoid O-glucuronides,NA
PCLCJMJFLFTHDU-MLGOLLRUSA-N,Organic compounds,Phenylpropanoids and polyketides,Flavonoids,Flavans,Flavan-3-ols,Catechins,NA
FJHGPEXCGXLNNU-FDRKUGEKSA-N,Organic compounds,Phenylpropanoids and polyketides,Flavonoids,Flavonoid glycosides,Flavonoid O-glycosides,Flavonoid O-glucuronides,NA
JSNCQMRECHVQQQ-MLGOLLRUSA-N,Organic compounds,Phenylpropanoids and polyketides,Flavonoids,Flavans,Flavan-3-ols,Catechins,NA
CJPIUMOCTBARLM-ZRRVXMDUSA-N,Organic compounds,Phenylpropanoids and polyketides,Flavonoids,Flavonoid glycosides,Flavonoid O-glycosides,Flavonoid O-glucuronides,Flavonoid-7-O-glucuronides
NCEYJABYRYYGNC-CZUORRHYSA-N,Organic compounds,Phenylpropanoids and polyketides,Flavonoids,Flavans,Flavan-3-ols,Catechins,NA
UBXDWYFLYYJQFR-UHFFFAOYSA-N,Organic compounds,Benzenoids,Benzene and substituted derivatives,Benzoic acids and derivatives,Hydroxybenzoic acid derivatives,Gallic acid and derivatives,NA
LMJIEJLSDJBABY-UHFFFAOYSA-N,Organic compounds,Benzenoids,Benzene and substituted derivatives,Benzoic acids and derivatives,Hydroxybenzoic acid derivatives,Gallic acid and derivatives,NA
ARQXEQLMMNGFDU-JHZZJYKESA-N,Organic compounds,Phenylpropanoids and polyketides,Coumarins and derivatives,Coumarin glycosides,NA,NA,NA
FUYLLJCBCKRIAL-UHFFFAOYSA-N,Organic compounds,Phenylpropanoids and polyketides,Coumarins and derivatives,NA,NA,NA,NA
CZVAQLJEUUFQCH-UHFFFAOYSA-N,Organic compounds,Benzenoids,Phenols,Benzenetriols and derivatives,Pyrogallols and derivatives,NA,NA
VQHXMQYHVVQQFP-CXWHQSFFSA-N,Organic compounds,Organic oxygen compounds,Organooxygen compounds,Carbohydrates and carbohydrate conjugates,Glycosyl compounds,Phenolic glycosides,NA
OMISYDASOKPVDK-UHFFFAOYSA-N,Organic compounds,Organic acids and derivatives,Organic sulfuric acids and derivatives,Arylsulfates,Phenylsulfates,NA,NA
ATYNVCXMADLPJQ-YSVLGHOVSA-N,Organic compounds,Organic oxygen compounds,Organooxygen compounds,Carbohydrates and carbohydrate conjugates,Glycosyl compounds,Phenolic glycosides,NA
NPIMUIQBYBJSBB-UHFFFAOYSA-N,Organic compounds,Organic acids and derivatives,Organic sulfuric acids and derivatives,Arylsulfates,Phenylsulfates,NA,NA
ZNXXWTPQHVLMQT-UHFFFAOYSA-N,Organic compounds,Benzenoids,Phenols,Benzenediols,Catechols,NA,NA
RALBOGKBFZBDKY-UHFFFAOYSA-N,Organic compounds,Benzenoids,Phenol ethers,NA,NA,NA,NA
YAXFVDUJDAQPTJ-UHFFFAOYSA-N,Organic compounds,Organic acids and derivatives,Organic sulfuric acids and derivatives,Arylsulfates,Phenylsulfates,NA,NA
OTBJYBQGMPICIK-GHPVWUPISA-N,Organic compounds,Organic oxygen compounds,Organooxygen compounds,Carbohydrates and carbohydrate conjugates,Glycosyl compounds,Phenolic glycosides,NA
WAXYAOJFDCCESK-UHFFFAOYSA-N,Organic compounds,Organic acids and derivatives,Organic sulfuric acids and derivatives,Arylsulfates,Phenylsulfates,NA,NA
WAKFBGOXOFLZLZ-UHFFFAOYSA-N,Organic compounds,Benzenoids,Phenols,Benzenediols,Resorcinols,NA,NA
RUSMDDXSDLDLKU-PHPHFFAHSA-N,Organic compounds,Organic oxygen compounds,Organooxygen compounds,Carbohydrates and carbohydrate conjugates,Glycosyl compounds,Phenolic glycosides,NA
OXASBXALVLRTKO-UHFFFAOYSA-N,Organic compounds,Benzenoids,Phenols,1-hydroxy-2-unsubstituted benzenoids,NA,NA,NA
DPRDYFJWDRNYAZ-UHFFFAOYSA-N,Organic compounds,Organic acids and derivatives,Organic sulfuric acids and derivatives,Arylsulfates,Phenylsulfates,NA,NA
GCIFEQYZDROELP-UHFFFAOYSA-N,Organic compounds,Benzenoids,Phenols,Methoxyphenols,NA,NA,NA
NGMVEYPQYAIGEI-UHFFFAOYSA-N,Organic compounds,Organic oxygen compounds,Organooxygen compounds,Carbohydrates and carbohydrate conjugates,Glycosyl compounds,Phenolic glycosides,NA
FYRRHCSCZYSADR-UHFFFAOYSA-N,Organic compounds,Organic acids and derivatives,Organic sulfuric acids and derivatives,Arylsulfates,Phenylsulfates,NA,NA
RDZNZFGKEVDNPK-UHFFFAOYSA-N,Organic compounds,Organoheterocyclic compounds,Diazines,Pyrimidines and pyrimidine derivatives,Hydroxypyrimidines,NA,NA
CWVRJTMFETXNAD-NXLLHMKUSA-N,Organic compounds,Organic oxygen compounds,Organooxygen compounds,Alcohols and polyols,Cyclic alcohols and derivatives,Cyclitols and derivatives,Quinic acids and derivatives
RAGZUCNPTLULOL-LWOZFZEPSA-N,Organic compounds,Organic oxygen compounds,Organooxygen compounds,Alcohols and polyols,Cyclic alcohols and derivatives,Cyclitols and derivatives,Quinic acids and derivatives
DUUGKQCEGZLZNO-UHFFFAOYSA-N,Organic compounds,Organoheterocyclic compounds,Indoles and derivatives,Indolyl carboxylic acids and derivatives,Indole-3-acetic acid derivatives,NA,NA
HBULKUDERNWOBN-UHFFFAOYSA-N,Organic compounds,Organic acids and derivatives,Carboxylic acids and derivatives,"Amino acids, peptides, and analogues",Amino acids and derivatives,Alpha amino acids and derivatives,N-acyl-alpha amino acids and derivatives
BLHLKJLSYHEOGY-UHFFFAOYSA-N,Organic compounds,Benzenoids,Phenols,Benzenediols,Resorcinols,NA,NA
BBGNINPPDHJETF-UHFFFAOYSA-N,Organic compounds,Benzenoids,Phenols,Benzenediols,Resorcinols,NA,NA
PUNOCEUUYUXUGR-UHFFFAOYSA-N,Organic compounds,Benzenoids,Phenols,Benzenediols,Resorcinols,NA,NA
GDJMJAKVVSGNLA-UHFFFAOYSA-N,Organic compounds,Benzenoids,Phenols,Benzenediols,Resorcinols,NA,NA
KVVSCMOUFCNCGX-UHFFFAOYSA-N,Organic compounds,Benzenoids,Phenols,Benzenediols,Resorcinols,NA,NA
OHTBGMREZYLZQD-UHFFFAOYSA-N,Organic compounds,Benzenoids,Phenols,Benzenediols,Resorcinols,NA,NA
XWCBQDPCEYHYRB-UHFFFAOYSA-N,Organic compounds,Organic nitrogen compounds,Organonitrogen compounds,N-arylamides,N-acetylarylamines,NA,NA
MKMCJLMBVKHUMS-UHFFFAOYSA-N,Organic compounds,Organoheterocyclic compounds,Benzoxazoles,Benzoxazolones,NA,NA,NA
YHNNPKUFPWLTOP-UHFFFAOYSA-N,Organic compounds,Organoheterocyclic compounds,Imidazopyrimidines,Purines and purine derivatives,Xanthines,NA,NA
PFWLFWPASULGAN-UHFFFAOYSA-N,Organic compounds,Organoheterocyclic compounds,Imidazopyrimidines,Purines and purine derivatives,Xanthines,NA,NA
WBZFUFAFFUEMEI-UHFFFAOYSA-M,Organic compounds,Organic acids and derivatives,Organic sulfuric acids and derivatives,NA,NA,NA,NA
RDHQFKQIGNGIED-MRVPVSSYSA-N,Organic compounds,Lipids and lipid-like molecules,Fatty Acyls,Fatty acid esters,Acyl carnitines,NA,NA
NVLPQIPTCCLBEU-UHFFFAOYSA-N,Organic compounds,Organosulfur compounds,Allyl sulfur compounds,NA,NA,NA,NA
WOPDMJYIAAXDMN-UHFFFAOYSA-N,Organic compounds,Organosulfur compounds,Sulfonyls,Sulfones,NA,NA,NA
JWWFEYMQBBFIRT-UHFFFAOYSA-N,Organic compounds,Organosulfur compounds,Sulfoxides,NA,NA,NA,NA
MYYIAHXIVFADCU-QMMMGPOBSA-N,Organic compounds,Organic acids and derivatives,Peptidomimetics,Hybrid peptides,NA,NA,NA
KZNIFHPLKGYRTM-UHFFFAOYSA-N,Organic compounds,Phenylpropanoids and polyketides,Flavonoids,Flavones,NA,NA,NA
JBFOLLJCGUCDQP-ZFORQUDYSA-N,Organic compounds,Phenylpropanoids and polyketides,Flavonoids,Flavonoid glycosides,Flavonoid O-glycosides,Flavonoid O-glucuronides,Flavonoid-7-O-glucuronides
SPTHHTGLGVZZRH-UHFFFAOYSA-N,Organic compounds,Organometallic compounds,Organometalloid compounds,Organoarsenic compounds,Tetraorganoarsonium salts,NA,NA
TYQCGQRIZGCHNB-MVHIGOERSA-N,Organic compounds,Organoheterocyclic compounds,Dihydrofurans,Furanones,NA,NA,NA
GIJHDGJRTUSBJR-UHFFFAOYSA-N,Organic compounds,Phenylpropanoids and polyketides,Coumarins and derivatives,Furanocoumarins,Linear furanocoumarins,Psoralens,5-hydroxypsoralens
VLWJVRACXDFSKC-UHFFFAOYSA-N,Organic compounds,Organic oxygen compounds,Organooxygen compounds,Carbohydrates and carbohydrate conjugates,Glycosyl compounds,Phenolic glycosides,NA
WUADCCWRTIWANL-UHFFFAOYSA-N,Organic compounds,Phenylpropanoids and polyketides,Isoflavonoids,O-methylated isoflavonoids,4'-O-methylated isoflavonoids,4'-O-methylisoflavones,NA
KXYGEGYBMOCKNJ-SXFAUFNYSA-N,Organic compounds,Phenylpropanoids and polyketides,Isoflavonoids,Isoflavonoid O-glycosides,NA,NA,NA
QAIPRVGONGVQAS-RQOWECAXSA-N,Organic compounds,Phenylpropanoids and polyketides,Cinnamic acids and derivatives,Hydroxycinnamic acids and derivatives,Hydroxycinnamic acids,NA,NA
BSOMSDFTZKNUHY-ZYZFHZPYSA-N,Organic compounds,Organic oxygen compounds,Organooxygen compounds,Carbohydrates and carbohydrate conjugates,Glycosyl compounds,Phenolic glycosides,NA
VWQNTRNACRFUCQ-DUXPYHPUSA-N,Organic compounds,Phenylpropanoids and polyketides,Cinnamic acids and derivatives,Hydroxycinnamic acids and derivatives,Hydroxycinnamic acids,NA,NA
LTGOIJNQWZWJRF-ZYZFHZPYSA-N,Organic compounds,Organic oxygen compounds,Organooxygen compounds,Carbohydrates and carbohydrate conjugates,Glycosyl compounds,Phenolic glycosides,NA
SNVAIAITQIIEMQ-DUXPYHPUSA-N,Organic compounds,Phenylpropanoids and polyketides,Cinnamic acids and derivatives,Hydroxycinnamic acids and derivatives,Hydroxycinnamic acids,NA,NA
RYYVLZVUVIJVGH-UHFFFAOYSA-N,Organic compounds,Organoheterocyclic compounds,Imidazopyrimidines,Purines and purine derivatives,Xanthines,NA,NA
CQOVPNPJLQNMDC-ZETCQYMHSA-N,Organic compounds,Organic acids and derivatives,Peptidomimetics,Hybrid peptides,NA,NA,NA
PFTAWBLQPZVEMU-DZGCQCFKSA-N,Organic compounds,Phenylpropanoids and polyketides,Flavonoids,Flavans,Flavan-3-ols,Catechins,NA
VBSMBNMUYITMLB-SWLSCSKDSA-N,Organic compounds,Phenylpropanoids and polyketides,Flavonoids,Flavans,Flavan-3-ols,Catechins,NA
FXAMKGHSKXKNHR-DAURTTLQSA-N,Organic compounds,Phenylpropanoids and polyketides,Flavonoids,Flavonoid glycosides,Flavonoid O-glycosides,Flavonoid O-glucuronides,NA
YKRWCINYMPRAIG-SWLSCSKDSA-N,Organic compounds,Phenylpropanoids and polyketides,Flavonoids,Flavans,Flavan-3-ols,Catechins,NA
KGLMKAPOVXBIJB-AKIQRXPNSA-N,Organic compounds,Phenylpropanoids and polyketides,Flavonoids,Flavonoid glycosides,Flavonoid O-glycosides,Flavonoid O-glucuronides,NA
YCIMNLLNPGFGHC-UHFFFAOYSA-N,Organic compounds,Benzenoids,Phenols,Benzenediols,Catechols,NA,NA
ICPYZFZFSLTYID-GOVZDWNOSA-N,Organic compounds,Organic oxygen compounds,Organooxygen compounds,Carbohydrates and carbohydrate conjugates,Glycosyl compounds,Phenolic glycosides,NA
MZPWKJZDOCIALD-UHFFFAOYSA-N,Organic compounds,Organic acids and derivatives,Organic sulfuric acids and derivatives,Arylsulfates,Phenylsulfates,NA,NA
LUKBXSAWLPMMSZ-UPHRSURJSA-N,Organic compounds,Phenylpropanoids and polyketides,Stilbenes,NA,NA,NA,NA
QWSAYEBSTMCFKY-BMPGWQKJSA-N,Organic compounds,Phenylpropanoids and polyketides,Stilbenes,Stilbene glycosides,NA,NA,NA
DULQFFCIVGYOFH-UPHRSURJSA-N,Organic compounds,Phenylpropanoids and polyketides,Stilbenes,NA,NA,NA,NA
CDEBVTGYVFHDMA-BMPGWQKJSA-N,Organic compounds,Phenylpropanoids and polyketides,Stilbenes,Stilbene glycosides,NA,NA,NA
KOTTWDFKZULRPN-UPHRSURJSA-N,Organic compounds,Phenylpropanoids and polyketides,Stilbenes,NA,NA,NA,NA
KRKNYBCHXYNGOX-UHFFFAOYSA-N,Organic compounds,Organic acids and derivatives,Carboxylic acids and derivatives,Tricarboxylic acids and derivatives,NA,NA,NA
DDRJAANPRJIHGJ-UHFFFAOYSA-N,Organic compounds,Organic acids and derivatives,Carboxylic acids and derivatives,"Amino acids, peptides, and analogues",Amino acids and derivatives,Alpha amino acids and derivatives,NA
BNSAVBGHRVFVNN-XSCLDSQRSA-N,Organic compounds,Phenylpropanoids and polyketides,Diarylheptanoids,Linear diarylheptanoids,Curcuminoids,NA,NA
NEJVQQBBTRFOHB-FCXRPNKRSA-N,Organic compounds,Phenylpropanoids and polyketides,Diarylheptanoids,Linear diarylheptanoids,Curcuminoids,NA,NA
YTMNONATNXDQJF-UBNZBFALSA-N,Organic compounds,Phenylpropanoids and polyketides,Flavonoids,Flavonoid glycosides,Flavonoid O-glycosides,Anthocyanins,Anthocyanidin-3-O-glycosides
HCAJEUSONLESMK-UHFFFAOYSA-N,Organic compounds,Organic acids and derivatives,Sulfamic acid derivatives,Cyclamates,NA,NA,NA
SZJNCZMRZAUNQT-IUCAKERBSA-N,Organic compounds,Organic acids and derivatives,Carboxylic acids and derivatives,"Amino acids, peptides, and analogues",Amino acids and derivatives,Alpha amino acids and derivatives,NA
XLUAWXQORJEMBD-YUMQZZPRSA-N,Organic compounds,Organic acids and derivatives,Carboxylic acids and derivatives,"Amino acids, peptides, and analogues",Amino acids and derivatives,Alpha amino acids and derivatives,NA
ZQSIJRDFPHDXIC-UHFFFAOYSA-N,Organic compounds,Phenylpropanoids and polyketides,Isoflavonoids,Isoflav-2-enes,Isoflavones,NA,NA
ATUYSKUVHUPXBV-ZFORQUDYSA-N,Organic compounds,Phenylpropanoids and polyketides,Isoflavonoids,Isoflavonoid O-glycosides,NA,NA,NA
CQRHJEVIKOKQMO-UHFFFAOYSA-N,Organic compounds,Phenylpropanoids and polyketides,Isoflavonoids,Isoflav-2-enes,Isoflavones,NA,NA
MMIBOZXVZLENRZ-ZFORQUDYSA-N,Organic compounds,Phenylpropanoids and polyketides,Isoflavonoids,Isoflavonoid O-glycosides,NA,NA,NA
GFHHFNZYJNKWPT-ZFORQUDYSA-N,Organic compounds,Phenylpropanoids and polyketides,Isoflavonoids,Isoflavonoid O-glycosides,NA,NA,NA
NSJKNMPSMHSBQD-MWBUVXCNSA-N,Organic compounds,Phenylpropanoids and polyketides,Isoflavonoids,Isoflavonoid O-glycosides,NA,NA,NA
XENHPQQLDPAYIJ-PEVLUNPASA-O,Organic compounds,Phenylpropanoids and polyketides,Flavonoids,Flavonoid glycosides,Flavonoid O-glycosides,Anthocyanins,Anthocyanidin-3-O-glycosides
DZAUWHJDUNRCTF-UHFFFAOYSA-N,Organic compounds,Phenylpropanoids and polyketides,Phenylpropanoic acids,NA,NA,NA,NA
AELQNMHOLDHBFA-DKBOKBLXSA-N,Organic compounds,Organic oxygen compounds,Organooxygen compounds,Carbohydrates and carbohydrate conjugates,Glycosyl compounds,Phenolic glycosides,NA
MIMULQQHBAZGER-UHFFFAOYSA-N,Organic compounds,Organic acids and derivatives,Organic sulfuric acids and derivatives,Arylsulfates,Phenylsulfates,NA,NA
BOLQJTPHPSDZHR-UHFFFAOYSA-N,Organic compounds,Phenylpropanoids and polyketides,Phenylpropanoic acids,NA,NA,NA,NA
KYERCTIKYSSKPA-JHZZJYKESA-N,Organic compounds,Organic oxygen compounds,Organooxygen compounds,Carbohydrates and carbohydrate conjugates,Glycosyl compounds,Phenolic glycosides,NA
UMCDODPBPQMWQP-UHFFFAOYSA-N,Organic compounds,Organic acids and derivatives,Organic sulfuric acids and derivatives,Arylsulfates,Phenylsulfates,NA,NA
ZVIJTQFTLXXGJA-UHFFFAOYSA-N,Organic compounds,Phenylpropanoids and polyketides,Phenylpropanoic acids,NA,NA,NA,NA
OSJGZCUHTGTJHT-JHZZJYKESA-N,Organic compounds,Organic oxygen compounds,Organooxygen compounds,Carbohydrates and carbohydrate conjugates,Glycosyl compounds,Phenolic glycosides,NA
QZIYZVFIROFZCV-UHFFFAOYSA-N,Organic compounds,Organic acids and derivatives,Organic sulfuric acids and derivatives,Arylsulfates,Phenylsulfates,NA,NA
HITJFUSPLYBJPE-UHFFFAOYSA-N,Organic compounds,Phenylpropanoids and polyketides,Stilbenes,NA,NA,NA,NA
NXXGJRZWYCYPCB-HBWRTXEVSA-N,Organic compounds,Phenylpropanoids and polyketides,Stilbenes,Stilbene glycosides,NA,NA,NA
KAVKAZLSONPCRU-UHFFFAOYSA-N,Organic compounds,Phenylpropanoids and polyketides,Stilbenes,NA,NA,NA,NA
MATKIWLWARSJPU-HBWRTXEVSA-N,Organic compounds,Phenylpropanoids and polyketides,Stilbenes,Stilbene glycosides,NA,NA,NA
VPKVLRCNQRSXLW-UHFFFAOYSA-N,Organic compounds,Phenylpropanoids and polyketides,Stilbenes,NA,NA,NA,NA
MBMBGCFOFBJSGT-KUBAVDMBSA-N,Organic compounds,Lipids and lipid-like molecules,Fatty Acyls,Fatty acids and conjugates,Very long-chain fatty acids,NA,NA
DSCFFEYYQKSRSV-FEPQRWDDSA-N,Organic compounds,Organic oxygen compounds,Organooxygen compounds,Alcohols and polyols,Secondary alcohols,Cyclohexanols,NA
JAZBEHYOTPTENJ-JLNKQSITSA-N,Organic compounds,Lipids and lipid-like molecules,Fatty Acyls,Fatty acids and conjugates,Long-chain fatty acids,NA,NA
DWONJCNDULPHLV-HOTGVXAUSA-N,Organic compounds,"Lignans, neolignans and related compounds",Dibenzylbutane lignans,Dibenzylbutanediol lignans,NA,NA,NA
HVDGDHBAMCBBLR-UHFFFAOYSA-N,Organic compounds,"Lignans, neolignans and related compounds",Furanoid lignans,Tetrahydrofuran lignans,"9,9'-epoxylignans",Dibenzylbutyrolactone lignans,NA
PFTAWBLQPZVEMU-UKRRQHHQSA-N,Organic compounds,Phenylpropanoids and polyketides,Flavonoids,Flavans,Flavan-3-ols,Catechins,NA
LSHVYAFMTMFKBA-FPOVZHCZSA-N,Organic compounds,Phenylpropanoids and polyketides,Flavonoids,Flavans,Flavan-3-ols,Catechins,Catechin gallates
BUONZQIZWIITTB-CVPXIJHMSA-N,Organic compounds,Phenylpropanoids and polyketides,Flavonoids,Flavonoid glycosides,Flavonoid O-glycosides,Flavonoid O-glucuronides,NA
FLSYXGAHKYHTCZ-HUUCEWRRSA-N,Organic compounds,Phenylpropanoids and polyketides,Flavonoids,Flavans,Flavan-3-ols,Catechins,NA
VBSMBNMUYITMLB-IUODEOHRSA-N,Organic compounds,Phenylpropanoids and polyketides,Flavonoids,Flavans,Flavan-3-ols,Catechins,NA
FXAMKGHSKXKNHR-CVPXIJHMSA-N,Organic compounds,Phenylpropanoids and polyketides,Flavonoids,Flavonoid glycosides,Flavonoid O-glycosides,Flavonoid O-glucuronides,NA
YKRWCINYMPRAIG-IUODEOHRSA-N,Organic compounds,Phenylpropanoids and polyketides,Flavonoids,Flavans,Flavan-3-ols,Catechins,NA
MWSSRHFQMROXGK-IUODEOHRSA-N,Organic compounds,Phenylpropanoids and polyketides,Flavonoids,Flavans,Flavan-3-ols,Catechins,NA
FDWDKTKDGDLDTP-BBGDWMAASA-N,Organic compounds,Phenylpropanoids and polyketides,Flavonoids,Flavonoid glycosides,Flavonoid O-glycosides,Flavonoid O-glucuronides,Flavonoid-7-O-glucuronides
RTMISWLJQDWIPT-UKRRQHHQSA-N,Organic compounds,Phenylpropanoids and polyketides,Flavonoids,Flavans,Flavan-3-ols,Catechins,NA
XMOCLSLCDHWDHP-IUODEOHRSA-N,Organic compounds,Phenylpropanoids and polyketides,Flavonoids,Flavans,Flavan-3-ols,Catechins,Epigallocatechins
WMBWREPUVVBILR-WIYYLYMNSA-N,Organic compounds,Phenylpropanoids and polyketides,Flavonoids,Flavans,Flavan-3-ols,Catechins,Catechin gallates
ZTOAOZDTXSRHIB-BBGDWMAASA-N,Organic compounds,Phenylpropanoids and polyketides,Flavonoids,Flavonoid glycosides,Flavonoid O-glycosides,Flavonoid O-glucuronides,Flavonoid-3-O-glucuronides
PFNBTZIECYHRTC-UHFFFAOYSA-N,Organic compounds,Phenylpropanoids and polyketides,Flavonoids,Flavans,Flavan-3-ols,NA,NA
ADFCQWZHKCXPAJ-GFCCVEGCSA-N,Organic compounds,Phenylpropanoids and polyketides,Isoflavonoids,Isoflavans,Isoflavanols,NA,NA
XDPLKWRSVXUQBN-LVEHSUOCSA-N,Organic compounds,Phenylpropanoids and polyketides,Isoflavonoids,Isoflavonoid O-glycosides,NA,NA,NA
SSISHJJTAXXQAX-ZETCQYMHSA-N,Organic compounds,Organic acids and derivatives,Carboxylic acids and derivatives,"Amino acids, peptides, and analogues",Amino acids and derivatives,Alpha amino acids and derivatives,Histidine and derivatives
VFPFQHQNJCMNBZ-UHFFFAOYSA-N,Organic compounds,Benzenoids,Benzene and substituted derivatives,Benzoic acids and derivatives,Hydroxybenzoic acid derivatives,Gallic acid and derivatives,Galloyl esters
IWJBVMJWSPZNJH-UQGZVRACSA-N,Organic compounds,Organic oxygen compounds,Organooxygen compounds,Carbohydrates and carbohydrate conjugates,Sugar acids and derivatives,Glucuronic acid derivatives,Glucuronides
KIWBPDUYBMNFTB-UHFFFAOYSA-N,Organic compounds,Organic acids and derivatives,Organic sulfuric acids and derivatives,Sulfuric acid esters,Sulfuric acid monoesters,NA,NA
KSEBMYQBYZTDHS-HWKANZROSA-N,Organic compounds,Phenylpropanoids and polyketides,Cinnamic acids and derivatives,Hydroxycinnamic acids and derivatives,Hydroxycinnamic acids,NA,NA
TWSIWBHKRJLZCF-MBAOVNHDSA-N,Organic compounds,Organic oxygen compounds,Organooxygen compounds,Carbohydrates and carbohydrate conjugates,Glycosyl compounds,Phenolic glycosides,NA
PZPATWACAAOHTJ-HWKANZROSA-N,Organic compounds,Phenylpropanoids and polyketides,Cinnamic acids and derivatives,Hydroxycinnamic acids and derivatives,Coumaric acids and derivatives,NA,NA
CLGNQAIRBLDHIN-HWKANZROSA-N,Organic compounds,Organic acids and derivatives,Carboxylic acids and derivatives,"Amino acids, peptides, and analogues",Amino acids and derivatives,Alpha amino acids and derivatives,N-acyl-alpha amino acids and derivatives
HKQYGTCOTHHOMP-UHFFFAOYSA-N,Organic compounds,Phenylpropanoids and polyketides,Isoflavonoids,O-methylated isoflavonoids,4'-O-methylated isoflavonoids,4'-O-methylisoflavones,NA
KDULJPKZESDTFK-SXFAUFNYSA-N,Organic compounds,Phenylpropanoids and polyketides,Flavonoids,Flavonoid glycosides,Flavonoid O-glycosides,Flavonoid O-glucuronides,Flavonoid-7-O-glucuronides
RFSUNEUAIZKAJO-ARQDHWQXSA-N,Organic compounds,Organic oxygen compounds,Organooxygen compounds,Carbohydrates and carbohydrate conjugates,Glycosyl compounds,C-glycosyl compounds,NA
LNTHITQWFMADLM-UHFFFAOYSA-N,Organic compounds,Benzenoids,Benzene and substituted derivatives,Benzoic acids and derivatives,Hydroxybenzoic acid derivatives,Gallic acid and derivatives,Gallic acids
WGYCQDRFPFTOJY-UHFFFAOYSA-N,Organic compounds,Phenylpropanoids and polyketides,Tannins,Hydrolyzable tannins,NA,NA,NA
GDGXJKFVYIFICY-UHFFFAOYSA-N,Organic compounds,Benzenoids,Benzene and substituted derivatives,Benzoic acids and derivatives,Hydroxybenzoic acid derivatives,Gallic acid and derivatives,NA
DSZHBCQGMXJFGB-UHFFFAOYSA-N,Organic compounds,Organic oxygen compounds,Organooxygen compounds,Carbohydrates and carbohydrate conjugates,Glycosyl compounds,Phenolic glycosides,NA
DMNOQQUULVKPTE-UHFFFAOYSA-N,Organic compounds,Benzenoids,Benzene and substituted derivatives,Benzoic acids and derivatives,Hydroxybenzoic acid derivatives,Gallic acid and derivatives,NA
TZBJGXHYKVUXJN-UHFFFAOYSA-N,Organic compounds,Phenylpropanoids and polyketides,Isoflavonoids,Isoflav-2-enes,Isoflavones,NA,NA
NHEBJNCJBWUPCK-ZFORQUDYSA-N,Organic compounds,Phenylpropanoids and polyketides,Isoflavonoids,Isoflavonoid O-glycosides,NA,NA,NA
SQCSMLZKGFBVFL-ZFORQUDYSA-N,Organic compounds,Phenylpropanoids and polyketides,Isoflavonoids,Isoflavonoid O-glycosides,NA,NA,NA
JIVINIISUDEORF-ZFORQUDYSA-N,Organic compounds,Phenylpropanoids and polyketides,Isoflavonoids,Isoflavonoid O-glycosides,NA,NA,NA
JZFIWABEFJYNRS-DSGPYVBMSA-L,Organic compounds,Phenylpropanoids and polyketides,Isoflavonoids,Isoflavonoid O-glycosides,NA,NA,NA
DKEIWIJUHWVGRC-UHFFFAOYSA-N,Organic compounds,Phenylpropanoids and polyketides,Isoflavonoids,Isoflav-2-enes,Isoflavones,NA,NA
DFJSPRNCKDBZIJ-MWBUVXCNSA-N,Organic compounds,Phenylpropanoids and polyketides,Isoflavonoids,Isoflavonoid O-glycosides,NA,NA,NA
WQZGKKKJIJFFOK-GASJEMHNSA-N,Organic compounds,Organic oxygen compounds,Organooxygen compounds,Carbohydrates and carbohydrate conjugates,Monosaccharides,Hexoses,NA
LHGVFZTZFXWLCP-UHFFFAOYSA-N,Organic compounds,Benzenoids,Phenols,Methoxyphenols,NA,NA,NA
KEMQGTRYUADPNZ-UHFFFAOYSA-N,Organic compounds,Lipids and lipid-like molecules,Fatty Acyls,Fatty acids and conjugates,Long-chain fatty acids,NA,NA
AIONOLUJZLIMTK-AWEZNQCLSA-N,Organic compounds,Phenylpropanoids and polyketides,Flavonoids,O-methylated flavonoids,4'-O-methylated flavonoids,NA,NA
PJAUEKWZQWLQSU-WDXLFLMVSA-N,Organic compounds,Phenylpropanoids and polyketides,Flavonoids,Flavonoid glycosides,Flavonoid O-glycosides,Flavonoid O-glucuronides,NA
AXWNOFHBYPBYNO-UHFFFAOYSA-N,Organic compounds,Phenylpropanoids and polyketides,Flavonoids,O-methylated flavonoids,4'-O-methylated flavonoids,NA,NA
CBVJYALZVWCCEC-WDXLFLMVSA-N,Organic compounds,Phenylpropanoids and polyketides,Flavonoids,Flavonoid glycosides,Flavonoid O-glycosides,Flavonoid O-glucuronides,NA
NEAWXAXVQDDFJL-PLEVBHNASA-N,Organic compounds,Phenylpropanoids and polyketides,Flavonoids,Flavonoid glycosides,Flavonoid O-glycosides,Flavonoid O-glucuronides,Flavonoid-7-O-glucuronides
QIAFMBKCNZACKA-UHFFFAOYSA-N,Organic compounds,Benzenoids,Benzene and substituted derivatives,Benzoic acids and derivatives,Benzamides,Hippuric acids and derivatives,Hippuric acids
QRMZSPFSDQBLIX-UHFFFAOYSA-N,Organic compounds,Benzenoids,Phenols,Methoxyphenols,NA,NA,NA
CXBMXYMXMRBMJY-DKBOKBLXSA-N,Organic compounds,Organic oxygen compounds,Organooxygen compounds,Carbohydrates and carbohydrate conjugates,Glycosyl compounds,Phenolic glycosides,NA
IACOAKYXFIWAQN-UHFFFAOYSA-N,Organic compounds,Organic acids and derivatives,Organic sulfuric acids and derivatives,Arylsulfates,Phenylsulfates,NA,NA
XHUBSJRBOQIZNI-UHFFFAOYSA-N,Organic compounds,Benzenoids,Phenols,Methoxyphenols,NA,NA,NA
FPHRLHBSOJUFOE-DKBOKBLXSA-N,Organic compounds,Organic oxygen compounds,Organooxygen compounds,Carbohydrates and carbohydrate conjugates,Glycosyl compounds,Phenolic glycosides,NA
LWTDOJAWTHMBFG-UHFFFAOYSA-N,Organic compounds,Organic acids and derivatives,Organic sulfuric acids and derivatives,Arylsulfates,Phenylsulfates,NA,NA
JUUBCHWRXWPFFH-UHFFFAOYSA-N,Organic compounds,Benzenoids,Phenols,Tyrosols and derivatives,Tyrosols,NA,NA
CPHMFZSEPDNJAZ-BYNIDDHOSA-N,Organic compounds,Organic oxygen compounds,Organooxygen compounds,Carbohydrates and carbohydrate conjugates,Glycosyl compounds,Phenolic glycosides,NA
BZTHVCCNFBAISK-UHFFFAOYSA-N,Organic compounds,Organic acids and derivatives,Organic sulfuric acids and derivatives,Arylsulfates,Phenylsulfates,NA,NA
JMDNSUMWVYKARS-BYNIDDHOSA-N,Organic compounds,Organic oxygen compounds,Organooxygen compounds,Carbohydrates and carbohydrate conjugates,Glycosyl compounds,Phenolic glycosides,NA
VNPXBLBTQUFCHO-UHFFFAOYSA-N,Organic compounds,Organic acids and derivatives,Organic sulfuric acids and derivatives,Arylsulfates,Phenylsulfates,NA,NA
LELAOEBVZLPXAZ-UHFFFAOYSA-N,Organic compounds,Organosulfur compounds,Sulfoxides,NA,NA,NA,NA
SEOVTRFCIGRIMH-UHFFFAOYSA-N,Organic compounds,Organoheterocyclic compounds,Indoles and derivatives,Indolyl carboxylic acids and derivatives,Indole-3-acetic acid derivatives,NA,NA
KUYNOZVWCFXSNE-BYNIDDHOSA-N,Organic compounds,Organic oxygen compounds,Organooxygen compounds,Carbohydrates and carbohydrate conjugates,Sugar acids and derivatives,Glucuronic acid derivatives,Glucuronides
BXFFHSIDQOFMLE-UHFFFAOYSA-N,Organic compounds,Organic acids and derivatives,Organic sulfuric acids and derivatives,Arylsulfates,NA,NA,NA
QURCVMIEKCOAJU-HWKANZROSA-N,Organic compounds,Phenylpropanoids and polyketides,Cinnamic acids and derivatives,Hydroxycinnamic acids and derivatives,Hydroxycinnamic acids,NA,NA
SHJZLGVIOYFHCB-MBAOVNHDSA-N,Organic compounds,Organic oxygen compounds,Organooxygen compounds,Carbohydrates and carbohydrate conjugates,Glycosyl compounds,Phenolic glycosides,NA
DCMKMHVTKFJMAU-HWKANZROSA-N,Organic compounds,Phenylpropanoids and polyketides,Cinnamic acids and derivatives,Hydroxycinnamic acids and derivatives,Coumaric acids and derivatives,NA,NA
IZQSVPBOUDKVDZ-UHFFFAOYSA-N,Organic compounds,Phenylpropanoids and polyketides,Flavonoids,Flavones,Flavonols,NA,NA
VVZWHOMBDMMRSC-NTKSAMNMSA-N,Organic compounds,Phenylpropanoids and polyketides,Flavonoids,Flavonoid glycosides,Flavonoid O-glycosides,Flavonoid O-glucuronides,Flavonoid-3-O-glucuronides
CZFNXFXZXWDYMZ-UHFFFAOYSA-L,Organic compounds,Phenylpropanoids and polyketides,Flavonoids,O-methylated flavonoids,3'-O-methylated flavonoids,NA,NA
LBKFGYZQBSGRHY-UHFFFAOYSA-N,Organic compounds,Benzenoids,Benzene and substituted derivatives,Benzoic acids and derivatives,Methoxybenzoic acids and derivatives,P-methoxybenzoic acids and derivatives,NA
VSFFJSSUGMYRMP-UHFFFAOYSA-N,Organic compounds,Benzenoids,Benzene and substituted derivatives,Benzoic acids and derivatives,Methoxybenzoic acids and derivatives,P-methoxybenzoic acids and derivatives,NA
YKGCBLWILMDSAV-UHFFFAOYSA-N,Organic compounds,Phenylpropanoids and polyketides,Flavonoids,Flavans,8-prenylated flavans,8-prenylated flavanones,NA
IYRMWMYZSQPJKC-UHFFFAOYSA-N,Organic compounds,Phenylpropanoids and polyketides,Flavonoids,Flavones,Flavonols,NA,NA
FNTJVYCFNVUBOL-ZUGPOPFOSA-N,Organic compounds,Phenylpropanoids and polyketides,Flavonoids,Flavonoid glycosides,Flavonoid O-glycosides,Flavonoid O-glucuronides,Flavonoid-3-O-glucuronides
VOYLAWHADGDBIE-UHFFFAOYSA-N,Organic compounds,Phenylpropanoids and polyketides,Flavonoids,Flavones,NA,NA,NA
PHIQHXFUZVPYII-LURJTMIESA-N,Organic compounds,Organic nitrogen compounds,Organonitrogen compounds,Quaternary ammonium salts,Carnitines,NA,NA
COLNVLDHVKWLRT-QMMMGPOBSA-N,Organic compounds,Organic acids and derivatives,Carboxylic acids and derivatives,"Amino acids, peptides, and analogues",Amino acids and derivatives,Alpha amino acids and derivatives,Phenylalanine and derivatives
QIVBCDIJIAJPQS-VIFPVBQESA-N,Organic compounds,Organoheterocyclic compounds,Indoles and derivatives,Indolyl carboxylic acids and derivatives,NA,NA,NA
OUYCCCASQSFEME-QMMMGPOBSA-N,Organic compounds,Organic acids and derivatives,Carboxylic acids and derivatives,"Amino acids, peptides, and analogues",Amino acids and derivatives,Alpha amino acids and derivatives,Tyrosine and derivatives
KBPHJBAIARWVSC-RTIVXWJOSA-N,Organic compounds,Lipids and lipid-like molecules,Prenol lipids,Tetraterpenoids,Carotenoids,Xanthophylls,NA
IQPNAANSBPBGFQ-UHFFFAOYSA-N,Organic compounds,Phenylpropanoids and polyketides,Flavonoids,Flavones,NA,NA,NA
JDOFZOKGCYYUER-ZFORQUDYSA-N,Organic compounds,Phenylpropanoids and polyketides,Flavonoids,Flavonoid glycosides,Flavonoid O-glycosides,Flavonoid O-glucuronides,NA
VSUOKLTVXQRUSG-ZFORQUDYSA-N,Organic compounds,Phenylpropanoids and polyketides,Flavonoids,Flavonoid glycosides,Flavonoid O-glycosides,Flavonoid O-glucuronides,Flavonoid-7-O-glucuronides
OAIJSZIZWZSQBC-GYZMGTAESA-N,Organic compounds,Lipids and lipid-like molecules,Prenol lipids,Tetraterpenoids,Carotenoids,Carotenes,NA
BJEPYKJPYRNKOW-UHFFFAOYSA-N,Organic compounds,Organic acids and derivatives,Hydroxy acids and derivatives,Beta hydroxy acids and derivatives,NA,NA,NA
PXUQTDZNOHRWLI-OXUVVOBNSA-O,Organic compounds,Phenylpropanoids and polyketides,Flavonoids,Flavonoid glycosides,Flavonoid O-glycosides,Anthocyanins,Anthocyanidin-3-O-glycosides
MDZKJHQSJHYOHJ-LLICELPBSA-N,Organic compounds,Lipids and lipid-like molecules,Prenol lipids,Triterpenoids,NA,NA,NA
KKSDGJDHHZEWEP-SNAWJCMRSA-N,Organic compounds,Phenylpropanoids and polyketides,Cinnamic acids and derivatives,Hydroxycinnamic acids and derivatives,Hydroxycinnamic acids,NA,NA
XPCHMFOWDFTFNV-SNAWJCMRSA-N,Organic compounds,Organic oxygen compounds,Organooxygen compounds,Carbohydrates and carbohydrate conjugates,Glycosyl compounds,Phenolic glycosides,NA
YPXHXDXMTWPQTO-SNAWJCMRSA-N,Organic compounds,Phenylpropanoids and polyketides,Cinnamic acids and derivatives,Hydroxycinnamic acids and derivatives,Coumaric acids and derivatives,NA,NA
KSPQDMRTZZYQLM-UHFFFAOYSA-N,Organic compounds,Organic acids and derivatives,Carboxylic acids and derivatives,"Amino acids, peptides, and analogues",Amino acids and derivatives,Alpha amino acids and derivatives,N-acyl-alpha amino acids and derivatives
ADVGKWPZRIDURE-UHFFFAOYSA-N,Organic compounds,Benzenoids,Benzene and substituted derivatives,Anilides,Acetanilides,NA,NA
JCVGTUVGDOWZJE-UHFFFAOYSA-N,Organic compounds,Organic acids and derivatives,Organic sulfuric acids and derivatives,Arylsulfates,Phenylsulfates,NA,NA
LKRAEHUDIUJBSF-ZETCQYMHSA-N,Organic compounds,Organic acids and derivatives,Carboxylic acids and derivatives,"Amino acids, peptides, and analogues",Amino acids and derivatives,Alpha amino acids and derivatives,N-acyl-alpha amino acids and derivatives
RYGLCORNOFFGTB-YFKPBYRVSA-N,Organic compounds,Organic acids and derivatives,Carboxylic acids and derivatives,"Amino acids, peptides, and analogues",Amino acids and derivatives,Alpha amino acids and derivatives,N-acyl-alpha amino acids and derivatives
FTVWIRXFELQLPI-ZDUSSCGKSA-N,Organic compounds,Phenylpropanoids and polyketides,Flavonoids,Flavans,Flavanones,NA,NA
DFIUUCDSSKATFP-DNPGXZAYSA-N,Organic compounds,Phenylpropanoids and polyketides,Flavonoids,Flavonoid glycosides,Flavonoid O-glycosides,Flavonoid O-glucuronides,NA
LQAWJBRSYCPTLK-ZDUSSCGKSA-N,Organic compounds,Phenylpropanoids and polyketides,Flavonoids,Flavans,Flavanones,NA,NA
ZTQGTBHHQGGBSV-ATVZYYHQSA-N,Organic compounds,Phenylpropanoids and polyketides,Flavonoids,Flavonoid glycosides,Flavonoid O-glycosides,Flavonoid O-glucuronides,NA
BDCRTIDKZGEVEN-DNPGXZAYSA-N,Organic compounds,Phenylpropanoids and polyketides,Flavonoids,Flavonoid glycosides,Flavonoid O-glycosides,Flavonoid O-glucuronides,Flavonoid-7-O-glucuronides
LCXKYLMSILXZFG-ZDUSSCGKSA-N,Organic compounds,Phenylpropanoids and polyketides,Flavonoids,Flavans,Flavanones,NA,NA
PQBAWAQIRZIWIV-UHFFFAOYSA-N,Organic compounds,Organoheterocyclic compounds,Pyridines and derivatives,Methylpyridines,N-methylpyridinium compounds,NA,NA
PMOWTIHVNWZYFI-AATRIKPKSA-N,Organic compounds,Phenylpropanoids and polyketides,Cinnamic acids and derivatives,Hydroxycinnamic acids and derivatives,Hydroxycinnamic acids,NA,NA
BTRJLVGUHCECAH-UHFFFAOYSA-N,Organic compounds,Phenylpropanoids and polyketides,Cinnamic acids and derivatives,Hydroxycinnamic acids and derivatives,Coumaric acids and derivatives,Coumaric acids,NA
MIJYXULNPSFWEK-GTOFXWBISA-N,Organic compounds,Lipids and lipid-like molecules,Prenol lipids,Triterpenoids,NA,NA,NA
ZQPPMHVWECSIRJ-KTKRTIGZSA-N,Organic compounds,Lipids and lipid-like molecules,Fatty Acyls,Fatty acids and conjugates,Long-chain fatty acids,NA,NA
RFWGABANNQMHMZ-ZCHJGGQASA-N,Organic compounds,Lipids and lipid-like molecules,Prenol lipids,Terpene glycosides,NA,NA,NA
QUNWUDVFRNGTCO-UHFFFAOYSA-N,Organic compounds,Organoheterocyclic compounds,Imidazopyrimidines,Purines and purine derivatives,Xanthines,NA,NA
NGSWKAQJJWESNS-ZZXKWVIFSA-N,Organic compounds,Phenylpropanoids and polyketides,Cinnamic acids and derivatives,Hydroxycinnamic acids and derivatives,Hydroxycinnamic acids,NA,NA
SOKJXEKPKWKYKR-KPGYTNHDSA-N,Organic compounds,Organic oxygen compounds,Organooxygen compounds,Carbohydrates and carbohydrate conjugates,Glycosyl compounds,Phenolic glycosides,NA
OYDCCWNLILCHDJ-ZZXKWVIFSA-N,Organic compounds,Phenylpropanoids and polyketides,Cinnamic acids and derivatives,Cinnamic acids,NA,NA,NA
IWDCLRJOBJJRNH-UHFFFAOYSA-N,Organic compounds,Benzenoids,Phenols,Cresols,Para cresols,NA,NA
JPAUCQAJHLSMQW-XPORZQOISA-N,Organic compounds,Organic oxygen compounds,Organooxygen compounds,Carbohydrates and carbohydrate conjugates,Glycosyl compounds,Phenolic glycosides,NA
WGNAKZGUSRVWRH-UHFFFAOYSA-N,Organic compounds,Organic acids and derivatives,Organic sulfuric acids and derivatives,Arylsulfates,Phenylsulfates,NA,NA
ABVCUBUIXWJYSE-GQUPQBGVSA-O,Organic compounds,Phenylpropanoids and polyketides,Flavonoids,Flavonoid glycosides,Flavonoid O-glycosides,Anthocyanins,Anthocyanidin-3-O-glycosides
WQEPLUUGTLDZJY-UHFFFAOYSA-N,Organic compounds,Lipids and lipid-like molecules,Fatty Acyls,Fatty acids and conjugates,Long-chain fatty acids,NA,NA
ZZWPMFROUHHAKY-OUUKCGNVSA-O,Organic compounds,Phenylpropanoids and polyketides,Flavonoids,Flavonoid glycosides,Flavonoid O-glycosides,Anthocyanins,Anthocyanidin-3-O-glycosides
HBKZHMZCXXQMOX-YATQZQGFSA-N,Organic compounds,Phenylpropanoids and polyketides,Flavonoids,Flavonoid glycosides,Flavonoid O-glycosides,Anthocyanins,Anthocyanidin-3-O-glycosides
JFLIEFSWGNOPJJ-JTQLQIEISA-N,Organic compounds,Organic acids and derivatives,Carboxylic acids and derivatives,"Amino acids, peptides, and analogues",Amino acids and derivatives,Alpha amino acids and derivatives,N-acyl-alpha amino acids and derivatives
UTYVDVLMYQPLQB-UHFFFAOYSA-N,Organic compounds,Organic acids and derivatives,Carboxylic acids and derivatives,"Amino acids, peptides, and analogues",Amino acids and derivatives,Alpha amino acids and derivatives,N-acyl-alpha amino acids and derivatives
VOXXWSYKYCBWHO-UHFFFAOYSA-N,Organic compounds,Phenylpropanoids and polyketides,Phenylpropanoic acids,NA,NA,NA,NA
VGEREEWJJVICBM-UHFFFAOYSA-N,Organic compounds,Phenylpropanoids and polyketides,"Linear 1,3-diarylpropanoids",Chalcones and dihydrochalcones,2'-Hydroxy-dihydrochalcones,NA,NA
YFJJAJIWPWXWJJ-ZFORQUDYSA-N,Organic compounds,Phenylpropanoids and polyketides,Flavonoids,Flavonoid glycosides,Flavonoid O-glycosides,NA,NA
JVGVDSSUAVXRDY-UHFFFAOYSA-N,Organic compounds,Phenylpropanoids and polyketides,Phenylpropanoic acids,NA,NA,NA,NA
SSZYARBRHYOZQM-OWOJBTEDSA-N,Organic compounds,Phenylpropanoids and polyketides,Stilbenes,Stilbene glycosides,NA,NA,NA
WYPZTOJGOQAJJD-CUYWLFDKSA-N,Organic compounds,Phenylpropanoids and polyketides,Stilbenes,Stilbene glycosides,NA,NA,NA
PHLZFRGLHZUWLW-OWOJBTEDSA-N,Organic compounds,Phenylpropanoids and polyketides,Stilbenes,Stilbene glycosides,NA,NA,NA
OPXYKICHKIQGOV-CUYWLFDKSA-N,Organic compounds,Phenylpropanoids and polyketides,Stilbenes,Stilbene glycosides,NA,NA,NA
XFZJEEAOWLFHDH-NFJBMHMQSA-N,Organic compounds,Phenylpropanoids and polyketides,Flavonoids,Biflavonoids and polyflavonoids,NA,NA,NA
CMUNUTVVOOHQPW-LURJTMIESA-N,Organic compounds,Organic acids and derivatives,Carboxylic acids and derivatives,"Amino acids, peptides, and analogues",Amino acids and derivatives,Alpha amino acids and derivatives,Proline and derivatives
WQGWDDDVZFFDIG-UHFFFAOYSA-N,Organic compounds,Benzenoids,Phenols,Benzenetriols and derivatives,Pyrogallols and derivatives,5-unsubstituted pyrrogallols,NA
QCVMOWDDTCUWLI-UHFFFAOYSA-N,Organic compounds,Organic oxygen compounds,Organooxygen compounds,Carbohydrates and carbohydrate conjugates,Glycosyl compounds,Phenolic glycosides,NA
NGVLEQPKHLWZLN-UHFFFAOYSA-N,Organic compounds,Organic acids and derivatives,Organic sulfuric acids and derivatives,Arylsulfates,Phenylsulfates,NA,NA
SOHXEAWMMVSJFL-COGRHJPHSA-N,Organic compounds,Organic oxygen compounds,Organooxygen compounds,Carbohydrates and carbohydrate conjugates,Glycosyl compounds,Phenolic glycosides,NA
XADBYTWTQXSBAF-UHFFFAOYSA-N,Organic compounds,Organic acids and derivatives,Organic sulfuric acids and derivatives,Arylsulfates,Phenylsulfates,NA,NA
REFJWTPEDVJJIY-UHFFFAOYSA-N,Organic compounds,Phenylpropanoids and polyketides,Flavonoids,Flavones,Flavonols,NA,NA
DUBCCGAQYVUYEU-UHFFFAOYSA-N,Organic compounds,Phenylpropanoids and polyketides,Flavonoids,Flavonoid glycosides,Flavonoid O-glycosides,Flavonoid O-glucuronides,Flavonoid-3-O-glucuronides
LBJLXDMWOKJIPQ-JENRNSKYSA-N,Organic compounds,Phenylpropanoids and polyketides,Flavonoids,Flavonoid glycosides,Flavonoid O-glycosides,Flavonoid O-glucuronides,NA
OSCLBBUATYLBQA-UHFFFAOYSA-N,Organic compounds,Phenylpropanoids and polyketides,Flavonoids,Flavones,Flavonols,NA,NA
SKCKOFZKJLZSFA-BXKVDMCESA-N,Organic compounds,Organic oxygen compounds,Organooxygen compounds,Carbohydrates and carbohydrate conjugates,Monosaccharides,Hexoses,NA
CVHZOJJKTDOEJC-UHFFFAOYSA-N,Organic compounds,Organoheterocyclic compounds,Benzothiazoles,NA,NA,NA,NA
ZFAHNWWNDFHPOH-YFKPBYRVSA-N,Organic compounds,Organic acids and derivatives,Carboxylic acids and derivatives,"Amino acids, peptides, and analogues",Amino acids and derivatives,Alpha amino acids and derivatives,Cysteine and derivatives
LKRAEHUDIUJBSF-SSDOTTSWSA-N,Organic compounds,Organic acids and derivatives,Carboxylic acids and derivatives,"Amino acids, peptides, and analogues",Amino acids and derivatives,Alpha amino acids and derivatives,N-acyl-alpha amino acids and derivatives
PCMORTLOPMLEFB-ONEGZZNKSA-N,Organic compounds,Phenylpropanoids and polyketides,Cinnamic acids and derivatives,Hydroxycinnamic acids and derivatives,Hydroxycinnamic acids,NA,NA
SVMPWPWAQOHKHG-UOZBHZCFSA-N,Organic compounds,Organic oxygen compounds,Organooxygen compounds,Carbohydrates and carbohydrate conjugates,Glycosyl compounds,Phenolic glycosides,NA
KJWQVTFGBFEXMV-ONEGZZNKSA-N,Organic compounds,Phenylpropanoids and polyketides,Cinnamic acids and derivatives,Hydroxycinnamic acids and derivatives,Coumaric acids and derivatives,NA,NA
IDIDJDIHTAOVLG-VKHMYHEASA-N,Organic compounds,Organic acids and derivatives,Carboxylic acids and derivatives,"Amino acids, peptides, and analogues",Amino acids and derivatives,Alpha amino acids and derivatives,Cysteine and derivatives
JVKYZPBMZPJNAJ-OQFNDJACSA-N,Organic compounds,Lipids and lipid-like molecules,Steroids and steroid derivatives,Steroidal alkaloids,Solanidines and derivatives,NA,NA
BAQAVOSOZGMPRM-QBMZZYIRSA-N,Organic compounds,Organic oxygen compounds,Organooxygen compounds,Carbohydrates and carbohydrate conjugates,Glycosyl compounds,C-glycosyl compounds,NA
CZMRCDWAGMRECN-UGDNZRGBSA-N,Organic compounds,Organic oxygen compounds,Organooxygen compounds,Carbohydrates and carbohydrate conjugates,Glycosyl compounds,O-glycosyl compounds,NA
SUVMJBTUFCVSAD-UHFFFAOYSA-N,Organic compounds,Organosulfur compounds,Sulfoxides,NA,NA,NA,NA
PUPMSTCTVNEOCX-ISJKBYAMSA-N,Organic compounds,Organic acids and derivatives,Carboxylic acids and derivatives,"Amino acids, peptides, and analogues",Amino acids and derivatives,Alpha amino acids and derivatives,Cysteine and derivatives
ROARKYNVUQLTDP-QGQIPBJJSA-N,Organic compounds,Organic acids and derivatives,Carboxylic acids and derivatives,"Amino acids, peptides, and analogues",Peptides,Oligopeptides,NA
IIHBKTCHILXGOT-KMYGYIBBSA-N,Organic compounds,Organic acids and derivatives,Carboxylic acids and derivatives,"Amino acids, peptides, and analogues",Amino acids and derivatives,Alpha amino acids and derivatives,N-acyl-alpha amino acids and derivatives
JMSVCTWVEWCHDZ-UHFFFAOYSA-N,Organic compounds,Benzenoids,Benzene and substituted derivatives,Benzoic acids and derivatives,Hydroxybenzoic acid derivatives,Gallic acid and derivatives,NA
WOGNQDHJFYPQMD-YGMDGNCASA-N,Organic compounds,Phenylpropanoids and polyketides,Tannins,Hydrolyzable tannins,NA,NA,NA
RUXRRHGJTRVOSL-UHFFFAOYSA-N,Organic compounds,Benzenoids,Benzene and substituted derivatives,Benzoic acids and derivatives,Hydroxybenzoic acid derivatives,Gallic acid and derivatives,NA
FEWJPZIEWOKRBE-JCYAYHJZSA-N,Organic compounds,Organic oxygen compounds,Organooxygen compounds,Carbohydrates and carbohydrate conjugates,Sugar acids and derivatives,NA,NA
XOAAWQZATWQOTB-UHFFFAOYSA-N,Organic compounds,Organic acids and derivatives,Organic sulfonic acids and derivatives,Organosulfonic acids and derivatives,Organosulfonic acids,NA,NA
MKTFRRIBCBTOKJ-CRFHJIRQSA-N,Organic compounds,Phenylpropanoids and polyketides,Flavonoids,Flavans,Flavan-3-ols,NA,NA
YAPQBXQYLJRXSA-UHFFFAOYSA-N,Organic compounds,Organoheterocyclic compounds,Imidazopyrimidines,Purines and purine derivatives,Xanthines,NA,NA
ZFXYFBGIUFBOJW-UHFFFAOYSA-N,Organic compounds,Organoheterocyclic compounds,Imidazopyrimidines,Purines and purine derivatives,Xanthines,NA,NA
XYNPYHXGMWJBLV-VXPJTDKGSA-N,Organic compounds,Lipids and lipid-like molecules,Steroids and steroid derivatives,Steroidal alkaloids,Spirosolanes and derivatives,NA,NA
HSTZMXCBWJGKHG-CUYWLFDKSA-N,Organic compounds,Phenylpropanoids and polyketides,Stilbenes,Stilbene glycosides,NA,NA,NA
LUKBXSAWLPMMSZ-OWOJBTEDSA-N,Organic compounds,Phenylpropanoids and polyketides,Stilbenes,NA,NA,NA,NA
QWSAYEBSTMCFKY-OTPOQTMVSA-N,Organic compounds,Phenylpropanoids and polyketides,Stilbenes,Stilbene glycosides,NA,NA,NA
DULQFFCIVGYOFH-OWOJBTEDSA-N,Organic compounds,Phenylpropanoids and polyketides,Stilbenes,NA,NA,NA,NA
CDEBVTGYVFHDMA-OTPOQTMVSA-N,Organic compounds,Phenylpropanoids and polyketides,Stilbenes,Stilbene glycosides,NA,NA,NA
KOTTWDFKZULRPN-OWOJBTEDSA-N,Organic compounds,Phenylpropanoids and polyketides,Stilbenes,NA,NA,NA,NA
WWNNZCOKKKDOPX-UHFFFAOYSA-N,Organic compounds,Alkaloids and derivatives,NA,NA,NA,NA,NA
UYPYRKYUKCHHIB-UHFFFAOYSA-N,Organic compounds,Organic nitrogen compounds,Organonitrogen compounds,Aminoxides,Trialkyl amine oxides,NA,NA
YCCILVSKPBXVIP-UHFFFAOYSA-N,Organic compounds,Benzenoids,Phenols,Tyrosols and derivatives,Tyrosols,NA,NA
HEIHXCBRTPYOMU-BYNIDDHOSA-N,Organic compounds,Organic oxygen compounds,Organooxygen compounds,Carbohydrates and carbohydrate conjugates,Glycosyl compounds,Phenolic glycosides,NA
VCRXMIQBQGCAAL-UHFFFAOYSA-N,Organic compounds,Organic acids and derivatives,Organic sulfuric acids and derivatives,Arylsulfates,Phenylsulfates,NA,NA
PRYLPCLGPXGILY-DKBOKBLXSA-N,Organic compounds,Phenylpropanoids and polyketides,Coumarins and derivatives,Coumarin glycosides,NA,NA,NA
LJOOSFYJELZGMR-UHFFFAOYSA-M,Organic compounds,Phenylpropanoids and polyketides,Coumarins and derivatives,NA,NA,NA,NA
RIUPLDUFZCXCHM-UHFFFAOYSA-N,Organic compounds,Phenylpropanoids and polyketides,Coumarins and derivatives,NA,NA,NA,NA
KXBXNRJGUDTJQS-KSPMYQCISA-N,Organic compounds,Organic oxygen compounds,Organooxygen compounds,Carbohydrates and carbohydrate conjugates,Glycosyl compounds,Phenolic glycosides,NA
QMPHAAMUHRNZSL-KSPMYQCISA-N,Organic compounds,Organic oxygen compounds,Organooxygen compounds,Carbohydrates and carbohydrate conjugates,Glycosyl compounds,Phenolic glycosides,NA
WXUQMTRHPNOXBV-UHFFFAOYSA-N,Organic compounds,Phenylpropanoids and polyketides,Coumarins and derivatives,NA,NA,NA,NA
MHBWCULXQBVPQT-KSPMYQCISA-N,Organic compounds,Organic oxygen compounds,Organooxygen compounds,Carbohydrates and carbohydrate conjugates,Glycosyl compounds,Phenolic glycosides,NA
LRRVKQQFGIEMSA-UHFFFAOYSA-N,Organic compounds,Phenylpropanoids and polyketides,Coumarins and derivatives,NA,NA,NA,NA
HHXMEXZVPJFAIJ-UHFFFAOYSA-N,Organic compounds,Phenylpropanoids and polyketides,Coumarins and derivatives,NA,NA,NA,NA
WKOLLVMJNQIZCI-UHFFFAOYSA-N,Organic compounds,Benzenoids,Benzene and substituted derivatives,Benzoic acids and derivatives,Methoxybenzoic acids and derivatives,M-methoxybenzoic acids and derivatives,NA
TXRKUXPAEPOCIX-UHFFFAOYSA-N,Organic compounds,Benzenoids,Benzene and substituted derivatives,Benzoic acids and derivatives,Methoxybenzoic acids and derivatives,M-methoxybenzoic acids and derivatives,NA
MWOOGOJBHIARFG-UHFFFAOYSA-N,Organic compounds,Benzenoids,Phenols,Methoxyphenols,NA,NA,NA
OUIKMDRGUNIXSP-UHFFFAOYSA-N,Organic compounds,Organic acids and derivatives,Organic sulfuric acids and derivatives,Arylsulfates,Phenylsulfates,NA,NA
LOODYTDRRBLQNH-UHFFFAOYSA-N,Organic compounds,Benzenoids,Benzene and substituted derivatives,Benzoic acids and derivatives,Benzamides,Hippuric acids and derivatives,Hippuric acids
JKQXZKUSFCKOGQ-QAYBQHTQSA-N,Organic compounds,Lipids and lipid-like molecules,Prenol lipids,Tetraterpenoids,Carotenoids,Xanthophylls,NA
ANVAOWXLWRTKGA-NTXLUARGSA-N,Organic compounds,Lipids and lipid-like molecules,Prenol lipids,Tetraterpenoids,Carotenoids,Carotenes,NA
TYNQWWGVEGFKRU-AJDPQWBVSA-N,Organic compounds,Lipids and lipid-like molecules,Steroids and steroid derivatives,Steroidal glycosides,Steroidal saponins,NA,NA
DTOSIQBPPRVQHS-PDBXOOCHSA-N,Organic compounds,Lipids and lipid-like molecules,Fatty Acyls,Lineolic acids and derivatives,NA,NA,NA
ZGVSETXHNHBTRK-UHFFFAOYSA-N,Organic compounds,Lipids and lipid-like molecules,Steroids and steroid derivatives,Steroidal glycosides,Steroidal saponins,NA,NA
UCMIRNVEIXFBKS-UHFFFAOYSA-N,Organic compounds,Organic acids and derivatives,Carboxylic acids and derivatives,"Amino acids, peptides, and analogues",Amino acids and derivatives,Beta amino acids and derivatives,NA
OENHQHLEOONYIE-JLTXGRSLSA-N,Organic compounds,Lipids and lipid-like molecules,Prenol lipids,Tetraterpenoids,Carotenoids,Carotenes,NA
DMASLKHVQRHNES-FKKUPVFPSA-N,Organic compounds,Lipids and lipid-like molecules,Prenol lipids,Tetraterpenoids,Carotenoids,Xanthophylls,NA
QKRQBODPNMXFLS-QMMMGPOBSA-N,Organic compounds,Organic acids and derivatives,Hydroxy acids and derivatives,Medium-chain hydroxy acids and derivatives,NA,NA,NA
KTDWBJGUMIZRHU-UHFFFAOYSA-N,Organic compounds,Benzenoids,Phenols,Benzenediols,Catechols,NA,NA
QHXNJIMVPAFCPR-UHFFFAOYSA-N,Organic compounds,Benzenoids,Phenols,Benzenediols,Resorcinols,NA,NA
MFFCZSWTQMCKFP-OWOJBTEDSA-N,Organic compounds,Phenylpropanoids and polyketides,Cinnamic acids and derivatives,Hydroxycinnamic acids and derivatives,Hydroxycinnamic acids,NA,NA
RJGLFRQXIDISBX-UHFFFAOYSA-N,Organic compounds,Benzenoids,Benzene and substituted derivatives,Benzoic acids and derivatives,Benzamides,Hippuric acids and derivatives,Hippuric acids
CJKONRHMUGBAQI-YFKPBYRVSA-N,Organic compounds,Organic acids and derivatives,Carboxylic acids and derivatives,"Amino acids, peptides, and analogues",Amino acids and derivatives,Alpha amino acids and derivatives,Alanine and derivatives
XTFQIRIHLGODFV-NSHDSACASA-N,Organic compounds,Organic acids and derivatives,Carboxylic acids and derivatives,"Amino acids, peptides, and analogues",Amino acids and derivatives,Alpha amino acids and derivatives,Phenylalanine and derivatives
XULZWQRXYTVUTE-ZETCQYMHSA-N,Organic compounds,Organic acids and derivatives,Carboxylic acids and derivatives,"Amino acids, peptides, and analogues",Amino acids and derivatives,Alpha amino acids and derivatives,Alpha amino acids
IMQLKJBTEOYOSI-UHFFFAOYSA-N,Organic compounds,Organic oxygen compounds,Organooxygen compounds,Alcohols and polyols,Cyclic alcohols and derivatives,Cyclitols and derivatives,Inositol phosphates
RLCKHJSFHOZMDR-UHFFFAOYSA-N,Organic compounds,Lipids and lipid-like molecules,Prenol lipids,Diterpenoids,Acyclic diterpenoids,NA,NA
ZQPPMHVWECSIRJ-MDZDMXLPSA-N,Organic compounds,Lipids and lipid-like molecules,Fatty Acyls,Fatty acids and conjugates,Long-chain fatty acids,NA,NA
UWHZIFQPPBDJPM-BQYQJAHWSA-N,Organic compounds,Lipids and lipid-like molecules,Fatty Acyls,Fatty acids and conjugates,Long-chain fatty acids,NA,NA
JBYXPOFIGCOSSB-GOJKSUSPSA-N,Organic compounds,Lipids and lipid-like molecules,Fatty Acyls,Lineolic acids and derivatives,NA,NA,NA
ONJSZLXSECQROL-UHFFFAOYSA-N,Organic compounds,Benzenoids,Benzene and substituted derivatives,Benzoic acids and derivatives,Benzamides,Hippuric acids and derivatives,Hippuric acids
PMMYEEVYMWASQN-DMTCNVIQSA-N,Organic compounds,Organic acids and derivatives,Carboxylic acids and derivatives,"Amino acids, peptides, and analogues",Amino acids and derivatives,Alpha amino acids and derivatives,Proline and derivatives
